ID,DAY,TIME_OF DAY,EXACT_TIME(H:M),WEATHER,GRID,CORNER,HEIGHT,NO_OF_PERSONS,WINDOWS_OPEN,HUMIDITY,TEMP_CELCIUS
1,1,MORNING,8:35,CLOUDY,A,A1,LOW,2.0,4,0.74,26.0
2,1,MORNING,8.35,CLOUDY,A,A1,HIGH,2.0,4,0.76,26.2
3,1,MORNING,8:36,CLOUDY,A,A2,LOW,2.0,4,0.7,26.2
4,1,MORNING,8:37,CLOUDY,A,A2,HIGH,2.0,4,0.71,26.0
5,1,MORNING,8:37,CLOUDY,A,A3,LOW,2.0,4,0.7,25.9
6,1,MORNING,8:38,CLOUDY,A,A3,HIGH,2.0,4,0.69,26.0
7,1,MORNING,8:39,CLOUDY,A,A4,LOW,2.0,4,0.71,25.7
8,1,MORNING,8:39,CLOUDY,A,A4,HIGH,2.0,4,0.7,26.0
9,1,MORNING,8:40,CLOUDY,B,B1,LOW,4.0,4,0.74,26.2
10,1,MORNING,8:41,CLOUDY,B,B1,HIGH,4.0,4,0.73,26.0
11,1,MORNING,8:41,CLOUDY,B,B2,LOW,4.0,4,0.72,26.0
12,1,MORNING,8:42,CLOUDY,B,B2,HIGH,4.0,4,0.71,26.0
13,1,MORNING,8:43,CLOUDY,B,B3,LOW,4.0,4,0.7,26.0
14,1,MORNING,8:43,CLOUDY,B,B3,HIGH,4.0,4,0.71,26.2
15,1,MORNING,8:44,CLOUDY,B,B4,LOW,4.0,4,0.69,26.0
16,1,MORNING,8:44,CLOUDY,B,B4,HIGH,4.0,4,0.67,26.0
17,1,MORNING,8:45,CLOUDY,C,C1,LOW,3.0,1,0.7,26.0
18,1,MORNING,8:46,CLOUDY,C,C1,HIGH,3.0,1,0.7,26.2
19,1,MORNING,8:48,CLOUDY,C,C2,LOW,3.0,1,0.68,26.0
20,1,MORNING,8:48,CLOUDY,C,C2,HIGH,3.0,1,0.7,26.4
21,1,MORNING,8:49,CLOUDY,C,C3,LOW,3.0,1,0.74,26.2
22,1,MORNING,8:50,CLOUDY,C,C3,HIGH,3.0,1,0.72,26.4
23,1,MORNING,8:51,CLOUDY,C,C4,LOW,3.0,1,0.69,26.2
24,1,MORNING,8:51,CLOUDY,C,C4,HIGH,3.0,1,0.75,26.2
25,1,MORNING,8:52,CLOUDY,D,D1,LOW,5.0,1,0.72,26.4
26,1,MORNING,8:53,CLOUDY,D,D1,HIGH,5.0,1,0.71,26.0
27,1,MORNING,8:53,CLOUDY,D,D2,LOW,5.0,1,0.69,26.3
28,1,MORNING,8:54,CLOUDY,D,D2,HIGH,5.0,1,0.71,26.4
29,1,MORNING,8:54,CLOUDY,D,D3,LOW,5.0,1,0.68,26.3
30,1,MORNING,8:55,CLOUDY,D,D3,HIGH,5.0,1,0.7,26.0
31,1,MORNING,8:56,CLOUDY,D,D4,LOW,6.0,1,0.71,26.2
32,1,MORNING,8:57,CLOUDY,D,D4,HIGH,6.0,1,0.7,26.2
33,1,MORNING,8:57,CLOUDY,E,E1,LOW,3.0,1,0.7,26.0
34,1,MORNING,8:58,CLOUDY,E,E1,HIGH,3.0,1,0.74,26.5
35,1,MORNING,8:59,CLOUDY,E,E2,LOW,3.0,1,0.73,26.3
36,1,MORNING,8:59,CLOUDY,E,E2,HIGH,3.0,1,0.72,26.3
37,1,MORNING,9:00,CLOUDY,E,E3,LOW,3.0,1,0.71,26.3
38,1,MORNING,9:00,CLOUDY,E,E3,HIGH,3.0,1,0.7,26.2
39,1,MORNING,9:01,CLOUDY,E,E4,LOW,3.0,1,0.7,26.0
40,1,MORNING,9:01,CLOUDY,E,E4,HIGH,3.0,1,0.69,26.1
41,1,MORNING,9:01,CLOUDY,F,F1,LOW,7.0,1,0.74,26.0
42,1,MORNING,9:01,CLOUDY,F,F1,HIGH,7.0,1,0.7,26.2
43,1,MORNING,9:02,CLOUDY,F,F2,LOW,7.0,1,0.75,26.0
44,1,MORNING,9:02,CLOUDY,F,F2,HIGH,7.0,1,0.72,26.1
45,1,MORNING,9:03,CLOUDY,F,F3,LOW,7.0,1,0.71,26.2
46,1,MORNING,9:03,CLOUDY,F,F3,HIGH,7.0,1,0.71,26.0
47,1,MORNING,9:04,CLOUDY,F,F4,LOW,5.0,1,0.68,26.1
48,1,MORNING,9:05,CLOUDY,F,F4,HIGH,5.0,1,0.69,26.0
49,1,MORNING,9:05,CLOUDY,G,G1,LOW,5.0,4,0.69,26.0
50,1,MORNING,9:06,CLOUDY,G,G1,HIGH,5.0,4,0.71,26.2
51,1,MORNING,9:05,CLOUDY,G,G2,LOW,5.0,4,0.72,26.0
52,1,MORNING,9:06,CLOUDY,G,G2,HIGH,5.0,4,0.74,26.0
53,1,MORNING,9:06,CLOUDY,G,G3,LOW,5.0,4,0.72,26.1
54,1,MORNING,9:07,CLOUDY,G,G3,HIGH,5.0,4,0.73,26.2
55,1,MORNING,9:07,CLOUDY,G,G4,LOW,5.0,4,0.72,25.9
56,1,MORNING,9:08,CLOUDY,G,G4,HIGH,5.0,4,0.69,26.0
57,1,MORNING,9:08,CLOUDY,H,H1,LOW,5.0,4,0.69,26.0
58,1,MORNING,9:09,CLOUDY,H,H1,HIGH,5.0,4,0.7,26.0
59,1,MORNING,9:08,CLOUDY,H,H2,LOW,5.0,4,0.71,26.0
60,1,MORNING,9:10,CLOUDY,H,H2,HIGH,5.0,4,0.72,26.0
61,1,MORNING,9:10,CLOUDY,H,H3,LOW,5.0,4,0.74,26.2
62,1,MORNING,9:11,CLOUDY,H,H3,HIGH,5.0,4,0.71,26.0
63,1,MORNING,9:11,CLOUDY,H,H4,LOW,5.0,4,0.69,26.2
64,1,MORNING,9:10,CLOUDY,H,H4,HIGH,5.0,4,0.71,26.3
65,1,AFTERNOON,2:40,SUNNY,A,A1,LOW,5.0,4,0.6,32.4
66,1,AFTERNOON,3:02,SUNNY,A,A1,HIGH,5.0,4,0.62,32.4
67,1,AFTERNOON,2:43,SUNNY,A,A2,LOW,5.0,4,0.6,32.4
68,1,AFTERNOON,3.03,SUNNY,A,A2,HIGH,5.0,4,0.57,32.4
69,1,AFTERNOON,2:49,SUNNY,A,A3,LOW,5.0,4,0.6,32.0
70,1,AFTERNOON,3:04,SUNNY,A,A3,HIGH,5.0,4,0.55,32.4
71,1,AFTERNOON,2:48,SUNNY,A,A4,LOW,5.0,4,0.62,32.0
72,1,AFTERNOON,3:05,SUNNY,A,A4,HIGH,5.0,4,0.55,32.4
73,1,AFTERNOON,2:46,SUNNY,B,B1,LOW,5.0,4,0.61,32.4
74,1,AFTERNOON,3:03,SUNNY,B,B1,HIGH,5.0,4,0.57,32.4
75,1,AFTERNOON,2:43,SUNNY,B,B2,LOW,5.0,4,0.6,32.4
76,1,AFTERNOON,3:03,SUNNY,B,B2,HIGH,5.0,4,0.57,32.4
77,1,AFTERNOON,2:49,SUNNY,B,B3,LOW,5.0,4,0.6,32.0
78,1,AFTERNOON,3:04,SUNNY,B,B3,HIGH,5.0,4,0.55,32.4
79,1,AFTERNOON,2:50,SUNNY,B,B4,LOW,5.0,4,0.63,32.0
80,1,AFTERNOON,2:57,SUNNY,B,B4,HIGH,5.0,4,0.58,32.4
81,1,AFTERNOON,2:48,SUNNY,C,C1,LOW,3.0,1,0.62,32.0
82,1,AFTERNOON,3:05,SUNNY,C,C1,HIGH,3.0,1,0.55,32.4
83,1,AFTERNOON,2:49,SUNNY,C,C2,LOW,3.0,1,0.6,32.0
84,1,AFTERNOON,3:04,SUNNY,C,C2,HIGH,3.0,1,0.55,32.4
85,1,AFTERNOON,2:53,SUNNY,C,C3,LOW,3.0,1,0.64,32.4
86,1,AFTERNOON,3:06,SUNNY,C,C3,HIGH,3.0,1,0.62,32.4
87,1,AFTERNOON,2:51,SUNNY,C,C4,LOW,3.0,1,0.61,32.4
88,1,AFTERNOON,3:06,SUNNY,C,C4,HIGH,3.0,1,0.56,32.4
89,1,AFTERNOON,2:50,SUNNY,D,D1,LOW,3.0,1,0.63,32.0
90,1,AFTERNOON,3:04,SUNNY,D,D1,HIGH,3.0,1,0.58,32.4
91,1,AFTERNOON,2:49,SUNNY,D,D2,LOW,3.0,1,0.6,32.0
92,1,AFTERNOON,3:04,SUNNY,D,D2,HIGH,3.0,1,0.55,32.4
93,1,AFTERNOON,2:53,SUNNY,D,D3,LOW,3.0,1,0.64,32.4
94,1,AFTERNOON,3:06,SUNNY,D,D3,HIGH,3.0,1,0.62,32.4
95,1,AFTERNOON,2:54,SUNNY,D,D4,LOW,3.0,1,0.58,32.4
96,1,AFTERNOON,3:07,SUNNY,D,D4,HIGH,3.0,1,0.55,32.4
97,1,AFTERNOON,2:51,SUNNY,E,E1,LOW,3.0,1,0.61,32.4
98,1,AFTERNOON,3:06,SUNNY,E,E1,HIGH,3.0,1,0.56,32.4
99,1,AFTERNOON,2:53,SUNNY,E,E2,LOW,3.0,1,0.64,32.4
100,1,AFTERNOON,3:06,SUNNY,E,E2,HIGH,3.0,1,0.6,32.4
101,1,AFTERNOON,2.57,SUNNY,E,E3,LOW,3.0,1,0.6,32.4
102,1,AFTERNOON,3:08,SUNNY,E,E3,HIGH,3.0,1,0.56,32.4
103,1,AFTERNOON,2:55,SUNNY,E,E4,LOW,3.0,1,0.6,32.4
104,1,AFTERNOON,3:12,SUNNY,E,E4,HIGH,3.0,1,0.56,32.8
105,1,AFTERNOON,2:54,SUNNY,F,F1,LOW,3.0,1,0.58,32.4
106,1,AFTERNOON,3:07,SUNNY,F,F1,HIGH,3.0,1,0.55,32.4
107,1,AFTERNOON,2:53,SUNNY,F,F2,LOW,3.0,1,0.64,32.4
108,1,AFTERNOON,3:06,SUNNY,F,F2,HIGH,3.0,1,0.62,32.4
109,1,AFTERNOON,2:57,SUNNY,F,F3,LOW,3.0,1,0.6,32.4
110,1,AFTERNOON,3:08,SUNNY,F,F3,HIGH,3.0,1,0.56,32.4
111,1,AFTERNOON,2:57,SUNNY,F,F4,LOW,3.0,1,0.6,32.4
112,1,AFTERNOON,3:07,SUNNY,F,F4,HIGH,3.0,1,0.57,32.4
113,1,AFTERNOON,2:55,SUNNY,G,G1,LOW,4.0,4,0.6,32.4
114,1,AFTERNOON,3:12,SUNNY,G,G1,HIGH,4.0,4,0.56,32.8
115,1,AFTERNOON,2:57,SUNNY,G,G2,LOW,4.0,4,0.6,32.4
116,1,AFTERNOON,3:08,SUNNY,G,G2,HIGH,4.0,4,0.56,32.4
117,1,AFTERNOON,2:58,SUNNY,G,G3,LOW,4.0,4,0.61,32.4
118,1,AFTERNOON,3:11,SUNNY,G,G3,HIGH,4.0,4,0.56,32.8
119,1,AFTERNOON,3:00,SUNNY,G,G4,LOW,4.0,4,0.6,32.4
120,1,AFTERNOON,3:12,SUNNY,G,G4,HIGH,4.0,4,0.55,32.8
121,1,AFTERNOON,2:56,SUNNY,H,H1,LOW,4.0,4,0.6,32.4
122,1,AFTERNOON,3:07,SUNNY,H,H1,HIGH,4.0,4,0.57,32.4
123,1,AFTERNOON,2:57,SUNNY,H,H2,LOW,4.0,4,0.6,32.4
124,1,AFTERNOON,3:08,SUNNY,H,H2,HIGH,4.0,4,0.56,32.4
125,1,AFTERNOON,2.56,SUNNY,H,H3,LOW,4.0,4,0.61,32.4
126,1,AFTERNOON,3:11,SUNNY,H,H3,HIGH,4.0,4,0.56,32.8
127,1,AFTERNOON,2:57,SUNNY,H,H4,LOW,4.0,4,0.58,32.4
128,1,AFTERNOON,3:07,SUNNY,H,H4,HIGH,4.0,4,0.54,32.4
129,1,EVENING,5:00,CLEAR,A,A1,LOW,3.0,4,0.54,32.8
130,1,EVENING,5:03,CLEAR,A,A1,HIGH,3.0,4,0.58,32.8
131,1,EVENING,4:59,CLEAR,A,A2,LOW,3.0,4,0.54,32.8
132,1,EVENING,5:00,CLEAR,A,A2,HIGH,3.0,4,0.56,32.8
133,1,EVENING,4:58,CLEAR,A,A3,LOW,3.0,4,0.54,32.8
134,1,EVENING,4:58,CLEAR,A,A3,HIGH,3.0,4,0.56,32.8
135,1,EVENING,5:03,CLEAR,A,A4,LOW,3.0,4,0.55,32.8
136,1,EVENING,5:04,CLEAR,A,A4,HIGH,3.0,4,0.55,32.8
137,1,EVENING,4:49,CLEAR,B,B1,LOW,3.0,4,0.5,33.5
138,1,EVENING,4:50,CLEAR,B,B1,HIGH,3.0,4,0.51,33.5
139,1,EVENING,4:59,CLEAR,B,B2,LOW,3.0,4,0.54,32.8
140,1,EVENING,5:00,CLEAR,B,B2,HIGH,3.0,4,0.56,32.8
141,1,EVENING,4:58,CLEAR,B,B3,LOW,3.0,4,0.54,32.8
142,1,EVENING,4:58,CLEAR,B,B3,HIGH,3.0,4,0.56,32.8
143,1,EVENING,4:50,CLEAR,B,B4,LOW,3.0,4,0.53,33.1
144,1,EVENING,4:51,CLEAR,B,B4,HIGH,3.0,4,0.53,33.1
145,1,EVENING,5:03,CLEAR,C,C1,LOW,2.0,1,0.55,32.8
146,1,EVENING,5:04,CLEAR,C,C1,HIGH,2.0,1,0.55,32.8
147,1,EVENING,4:58,CLEAR,C,C2,LOW,2.0,1,0.54,32.8
148,1,EVENING,4:58,CLEAR,C,C2,HIGH,2.0,1,0.56,32.8
149,1,EVENING,4:56,CLEAR,C,C3,LOW,2.0,1,0.54,32.8
150,1,EVENING,4:57,CLEAR,C,C3,HIGH,2.0,1,0.56,32.8
151,1,EVENING,5:05,CLEAR,C,C4,LOW,2.0,1,0.56,32.8
152,1,EVENING,5:05,CLEAR,C,C4,HIGH,2.0,1,0.54,32.8
153,1,EVENING,4:50,CLEAR,D,D1,LOW,2.0,1,0.53,33.1
154,1,EVENING,4:51,CLEAR,D,D1,HIGH,2.0,1,0.53,33.1
155,1,EVENING,4:58,CLEAR,D,D2,LOW,2.0,1,0.54,32.8
156,1,EVENING,4:58,CLEAR,D,D2,HIGH,2.0,1,0.56,32.8
157,1,EVENING,4:56,CLEAR,D,D3,LOW,2.0,1,0.54,32.8
158,1,EVENING,4:57,CLEAR,D,D3,HIGH,2.0,1,0.56,32.8
159,1,EVENING,4:51,CLEAR,D,D4,LOW,2.0,1,0.52,33.1
160,1,EVENING,4:51,CLEAR,D,D4,HIGH,2.0,1,0.51,33.1
161,1,EVENING,5:05,CLEAR,E,E1,LOW,2.0,1,0.56,32.8
162,1,EVENING,5:05,CLEAR,E,E1,HIGH,2.0,1,0.54,32.8
163,1,EVENING,4:56,CLEAR,E,E2,LOW,2.0,1,0.54,32.8
164,1,EVENING,4:57,CLEAR,E,E2,HIGH,2.0,1,0.56,32.8
165,1,EVENING,4:56,CLEAR,E,E3,LOW,2.0,1,0.53,32.8
166,1,EVENING,4:56,CLEAR,E,E3,HIGH,2.0,1,0.54,32.8
167,1,EVENING,5:06,CLEAR,E,E4,LOW,2.0,1,0.53,32.8
168,1,EVENING,5:06,CLEAR,E,E4,HIGH,2.0,1,0.53,32.8
169,1,EVENING,4:51,CLEAR,F,F1,LOW,2.0,1,0.52,33.1
170,1,EVENING,4:51,CLEAR,F,F1,HIGH,2.0,1,0.51,33.1
171,1,EVENING,4:56,CLEAR,F,F2,LOW,2.0,1,0.54,32.8
172,1,EVENING,4:57,CLEAR,F,F2,HIGH,2.0,1,0.56,32.8
173,1,EVENING,4:56,CLEAR,F,F3,LOW,2.0,1,0.53,32.8
174,1,EVENING,4:56,CLEAR,F,F3,HIGH,2.0,1,0.54,32.8
175,1,EVENING,4:51,CLEAR,F,F4,LOW,2.0,1,53.0,33.1
176,1,EVENING,4:53,CLEAR,F,F4,HIGH,2.0,1,0.59,33.1
177,1,EVENING,5:06,CLEAR,G,G1,LOW,3.0,5,0.53,32.8
178,1,EVENING,5:06,CLEAR,G,G1,HIGH,3.0,5,0.53,32.8
179,1,EVENING,4:56,CLEAR,G,G2,LOW,3.0,5,0.53,32.8
180,1,EVENING,4:56,CLEAR,G,G2,HIGH,3.0,5,0.54,32.8
181,1,EVENING,4:54,CLEAR,G,G3,LOW,3.0,5,0.52,33.1
182,1,EVENING,4:55,CLEAR,G,G3,HIGH,3.0,5,0.54,32.8
183,1,EVENING,5:06,CLEAR,G,G4,LOW,3.0,5,0.54,32.8
184,1,EVENING,5:07,CLEAR,G,G4,HIGH,3.0,5,0.57,32.8
185,1,EVENING,4:51,CLEAR,H,H1,LOW,2.0,4,0.53,33.1
186,1,EVENING,4.53,CLEAR,H,H1,HIGH,2.0,4,0.59,33.1
187,1,EVENING,4:56,CLEAR,H,H2,LOW,2.0,4,0.53,32.8
188,1,EVENING,4:56,CLEAR,H,H2,HIGH,2.0,4,0.54,32.8
189,1,EVENING,4:54,CLEAR,H,H3,LOW,2.0,4,0.52,33.1
190,1,EVENING,4:55,CLEAR,H,H3,HIGH,2.0,4,0.54,32.8
191,1,EVENING,4:53,CLEAR,H,H4,LOW,2.0,4,0.53,33.1
192,1,EVENING,4:53,CLEAR,H,H4,HIGH,2.0,4,0.53,33.1
193,2,MORNING,8:36,CLOUDY,A,A1,LOW,1.0,4,0.77,23.5
194,2,MORNING,8:34,CLOUDY,A,A1,HIGH,3.0,4,0.71,23.9
195,2,MORNING,8:41,CLOUDY,A,A2,LOW,1.0,4,0.78,24.6
196,2,MORNING,8:37,CLOUDY,A,A2,HIGH,1.0,4,0.68,23.6
197,2,MORNING,8:36,CLOUDY,A,A3,LOW,1.0,4,0.71,22.5
198,2,MORNING,8:41,CLOUDY,A,A3,HIGH,1.0,4,0.57,24.5
199,2,MORNING,8:36,CLOUDY,A,A4,LOW,3.0,4,0.71,24.3
200,2,MORNING,8:38,CLOUDY,A,A4,HIGH,3.0,4,0.67,25.5
201,2,MORNING,8:36,CLOUDY,B,B1,LOW,3.0,4,0.71,23.8
202,2,MORNING,8:39,CLOUDY,B,B1,HIGH,5.0,4,0.78,25.3
203,2,MORNING,8:43,CLOUDY,B,B2,LOW,5.0,4,0.7,23.1
204,2,MORNING,8:38,CLOUDY,B,B2,HIGH,4.0,4,0.64,23.7
205,2,MORNING,8:41,CLOUDY,B,B3,LOW,4.0,4,0.59,23.2
206,2,MORNING,8:41,CLOUDY,B,B3,HIGH,4.0,4,0.66,25.0
207,2,MORNING,8:45,CLOUDY,B,B4,LOW,3.0,4,0.7,25.3
208,2,MORNING,8:46,CLOUDY,B,B4,HIGH,4.0,4,0.67,24.3
209,2,MORNING,8:48,CLOUDY,C,C1,LOW,2.0,1,0.73,24.7
210,2,MORNING,8:43,CLOUDY,C,C1,HIGH,4.0,1,0.66,23.8
211,2,MORNING,8:49,CLOUDY,C,C2,LOW,2.0,1,0.6,24.9
212,2,MORNING,8:49,CLOUDY,C,C2,HIGH,4.0,1,0.76,25.0
213,2,MORNING,8:51,CLOUDY,C,C3,LOW,3.0,1,0.74,24.8
214,2,MORNING,8:49,CLOUDY,C,C3,HIGH,4.0,1,0.77,24.6
215,2,MORNING,8:55,CLOUDY,C,C4,LOW,4.0,1,0.69,25.3
216,2,MORNING,8:54,CLOUDY,C,C4,HIGH,4.0,1,0.73,24.0
217,2,MORNING,8:49,CLOUDY,D,D1,LOW,6.0,1,0.72,24.8
218,2,MORNING,8:51,CLOUDY,D,D1,HIGH,5.0,1,0.72,23.2
219,2,MORNING,8:58,CLOUDY,D,D2,LOW,4.0,1,0.65,23.6
220,2,MORNING,8:50,CLOUDY,D,D2,HIGH,5.0,1,0.74,24.9
221,2,MORNING,8:54,CLOUDY,D,D3,LOW,5.0,1,0.66,24.6
222,2,MORNING,8:56,CLOUDY,D,D3,HIGH,4.0,1,0.66,23.7
223,2,MORNING,8:59,CLOUDY,D,D4,LOW,7.0,1,0.77,23.8
224,2,MORNING,9:00,CLOUDY,D,D4,HIGH,7.0,1,0.7,23.8
225,2,MORNING,9:00,CLOUDY,E,E1,LOW,3.0,1,0.68,23.8
226,2,MORNING,9:00,CLOUDY,E,E1,HIGH,4.0,1,0.72,23.5
227,2,MORNING,9:01,CLOUDY,E,E2,LOW,2.0,1,0.7,23.9
228,2,MORNING,9:03,CLOUDY,E,E2,HIGH,3.0,1,0.77,24.8
229,2,MORNING,8:59,CLOUDY,E,E3,LOW,2.0,1,0.71,24.3
230,2,MORNING,9:01,CLOUDY,E,E3,HIGH,2.0,1,0.76,22.9
231,2,MORNING,8:57,CLOUDY,E,E4,LOW,2.0,1,0.72,24.0
232,2,MORNING,9:02,CLOUDY,E,E4,HIGH,4.0,1,0.65,24.6
233,2,MORNING,9:01,CLOUDY,F,F1,LOW,6.0,1,0.81,25.1
234,2,MORNING,9:06,CLOUDY,F,F1,HIGH,8.0,1,0.65,23.5
235,2,MORNING,8:59,CLOUDY,F,F2,LOW,8.0,1,0.79,23.2
236,2,MORNING,8:59,CLOUDY,F,F2,HIGH,8.0,1,0.75,23.3
237,2,MORNING,9:04,CLOUDY,F,F3,LOW,7.0,1,0.73,24.7
238,2,MORNING,9:06,CLOUDY,F,F3,HIGH,6.0,1,0.72,22.8
239,2,MORNING,9:08,CLOUDY,F,F4,LOW,6.0,1,0.65,23.6
240,2,MORNING,9:08,CLOUDY,F,F4,HIGH,4.0,1,0.67,23.8
241,2,MORNING,9:04,CLOUDY,G,G1,LOW,4.0,4,0.68,24.1
242,2,MORNING,9:09,CLOUDY,G,G1,HIGH,6.0,4,0.75,24.4
243,2,MORNING,9:03,CLOUDY,G,G2,LOW,5.0,4,0.75,25.0
244,2,MORNING,9:11,CLOUDY,G,G2,HIGH,4.0,4,0.75,23.4
245,2,MORNING,9:02,CLOUDY,G,G3,LOW,5.0,4,0.81,24.4
246,2,MORNING,9:10,CLOUDY,G,G3,HIGH,4.0,4,0.73,23.7
247,2,MORNING,9:05,CLOUDY,G,G4,LOW,6.0,4,0.67,24.9
248,2,MORNING,9:13,CLOUDY,G,G4,HIGH,6.0,4,0.62,24.6
249,2,MORNING,9:08,CLOUDY,H,H1,LOW,5.0,4,0.73,23.8
250,2,MORNING,9:14,CLOUDY,H,H1,HIGH,6.0,4,0.7,25.2
251,2,MORNING,9:03,CLOUDY,H,H2,LOW,4.0,4,0.71,22.7
252,2,MORNING,9:08,CLOUDY,H,H2,HIGH,6.0,4,0.72,24.2
253,2,MORNING,9:09,CLOUDY,H,H3,LOW,5.0,4,0.73,24.6
254,2,MORNING,9:10,CLOUDY,H,H3,HIGH,6.0,4,0.67,22.8
255,2,MORNING,9:12,CLOUDY,H,H4,LOW,4.0,4,0.64,23.6
256,2,MORNING,9:13,CLOUDY,H,H4,HIGH,5.0,4,0.72,24.3
257,2,AFTERNOON,2:42,SUNNY,A,A1,LOW,5.0,4,0.61,32.8
258,2,AFTERNOON,3:02,SUNNY,A,A1,HIGH,6.0,4,0.62,32.3
259,2,AFTERNOON,2:39,SUNNY,A,A2,LOW,5.0,4,0.64,35.6
260,2,AFTERNOON,3:08,SUNNY,A,A2,HIGH,5.0,4,0.5,32.6
261,2,AFTERNOON,2:50,SUNNY,A,A3,LOW,5.0,4,0.62,34.4
262,2,AFTERNOON,3:08,SUNNY,A,A3,HIGH,6.0,4,0.62,34.0
263,2,AFTERNOON,2:43,SUNNY,A,A4,LOW,5.0,4,0.63,34.3
264,2,AFTERNOON,3:06,SUNNY,A,A4,HIGH,6.0,4,0.51,33.6
265,2,AFTERNOON,2:47,SUNNY,B,B1,LOW,6.0,4,0.61,33.2
266,2,AFTERNOON,3:03,SUNNY,B,B1,HIGH,5.0,4,0.55,34.9
267,2,AFTERNOON,2:47,SUNNY,B,B2,LOW,5.0,4,0.62,31.2
268,2,AFTERNOON,3:02,SUNNY,B,B2,HIGH,4.0,4,0.54,35.2
269,2,AFTERNOON,2:48,SUNNY,B,B3,LOW,6.0,4,0.72,36.8
270,2,AFTERNOON,3:05,SUNNY,B,B3,HIGH,4.0,4,0.54,33.3
271,2,AFTERNOON,2:47,SUNNY,B,B4,LOW,5.0,4,0.59,36.5
272,2,AFTERNOON,3:01,SUNNY,B,B4,HIGH,5.0,4,0.56,33.0
273,2,AFTERNOON,2:48,SUNNY,C,C1,LOW,2.0,1,0.56,35.4
274,2,AFTERNOON,3:06,SUNNY,C,C1,HIGH,4.0,1,0.63,33.3
275,2,AFTERNOON,2:46,SUNNY,C,C2,LOW,3.0,1,0.66,32.9
276,2,AFTERNOON,3:07,SUNNY,C,C2,HIGH,2.0,1,0.54,36.8
277,2,AFTERNOON,2:57,SUNNY,C,C3,LOW,3.0,1,0.48,32.5
278,2,AFTERNOON,3:01,SUNNY,C,C3,HIGH,3.0,1,0.52,32.0
279,2,AFTERNOON,2:55,SUNNY,C,C4,LOW,3.0,1,0.59,34.2
280,2,AFTERNOON,3:10,SUNNY,C,C4,HIGH,3.0,1,0.56,35.1
281,2,AFTERNOON,2:52,SUNNY,D,D1,LOW,2.0,1,0.68,36.3
282,2,AFTERNOON,3:05,SUNNY,D,D1,HIGH,3.0,1,0.58,33.4
283,2,AFTERNOON,2:54,SUNNY,D,D2,LOW,3.0,1,0.55,34.3
284,2,AFTERNOON,3:01,SUNNY,D,D2,HIGH,4.0,1,0.54,34.9
285,2,AFTERNOON,2:48,SUNNY,D,D3,LOW,3.0,1,0.61,32.7
286,2,AFTERNOON,3:02,SUNNY,D,D3,HIGH,2.0,1,0.63,33.1
287,2,AFTERNOON,2:49,SUNNY,D,D4,LOW,3.0,1,0.62,33.3
288,2,AFTERNOON,3:11,SUNNY,D,D4,HIGH,3.0,1,0.52,35.3
289,2,AFTERNOON,2:49,SUNNY,E,E1,LOW,3.0,1,0.66,36.2
290,2,AFTERNOON,3:08,SUNNY,E,E1,HIGH,2.0,1,0.53,35.3
291,2,AFTERNOON,2:57,SUNNY,E,E2,LOW,2.0,1,0.68,34.9
292,2,AFTERNOON,3:01,SUNNY,E,E2,HIGH,4.0,1,0.51,32.2
293,2,AFTERNOON,2:58,SUNNY,E,E3,LOW,4.0,1,0.68,33.3
294,2,AFTERNOON,3:11,SUNNY,E,E3,HIGH,4.0,1,0.63,34.0
295,2,AFTERNOON,2:55,SUNNY,E,E4,LOW,2.0,1,0.59,35.3
296,2,AFTERNOON,3:15,SUNNY,E,E4,HIGH,4.0,1,0.55,33.1
297,2,AFTERNOON,2:52,SUNNY,F,F1,LOW,4.0,1,0.54,34.0
298,2,AFTERNOON,3:06,SUNNY,F,F1,HIGH,4.0,1,0.61,37.2
299,2,AFTERNOON,2:52,SUNNY,F,F2,LOW,2.0,1,0.67,34.9
300,2,AFTERNOON,3:05,SUNNY,F,F2,HIGH,3.0,1,0.71,34.6
301,2,AFTERNOON,3:00,SUNNY,F,F3,LOW,3.0,1,0.6,34.1
302,2,AFTERNOON,3:08,SUNNY,F,F3,HIGH,4.0,1,0.49,33.4
303,2,AFTERNOON,3:00,SUNNY,F,F4,LOW,3.0,1,0.52,34.1
304,2,AFTERNOON,3:09,SUNNY,F,F4,HIGH,2.0,1,0.63,33.3
305,2,AFTERNOON,2:56,SUNNY,G,G1,LOW,3.0,4,0.51,35.6
306,2,AFTERNOON,3:09,SUNNY,G,G1,HIGH,3.0,4,0.63,32.7
307,2,AFTERNOON,3:01,SUNNY,G,G2,LOW,4.0,4,0.56,31.2
308,2,AFTERNOON,3:04,SUNNY,G,G2,HIGH,4.0,4,0.58,32.8
309,2,AFTERNOON,2:53,SUNNY,G,G3,LOW,5.0,4,0.63,34.1
310,2,AFTERNOON,3:06,SUNNY,G,G3,HIGH,3.0,4,0.54,34.7
311,2,AFTERNOON,3:00,SUNNY,G,G4,LOW,4.0,4,0.61,34.0
312,2,AFTERNOON,3:11,SUNNY,G,G4,HIGH,5.0,4,0.53,34.3
313,2,AFTERNOON,2:59,SUNNY,H,H1,LOW,3.0,4,0.58,36.8
314,2,AFTERNOON,3:06,SUNNY,H,H1,HIGH,4.0,4,0.61,34.3
315,2,AFTERNOON,3:00,SUNNY,H,H2,LOW,5.0,4,0.59,35.5
316,2,AFTERNOON,3:07,SUNNY,H,H2,HIGH,4.0,4,0.55,32.0
317,2,AFTERNOON,3:00,SUNNY,H,H3,LOW,4.0,4,0.57,32.0
318,2,AFTERNOON,3:09,SUNNY,H,H3,HIGH,5.0,4,0.58,36.8
319,2,AFTERNOON,2:52,SUNNY,H,H4,LOW,3.0,4,0.61,35.5
320,2,AFTERNOON,3:04,SUNNY,H,H4,HIGH,3.0,4,0.53,35.0
321,2,EVENING,4:59,CLEAR,A,A1,LOW,4.0,4,0.55,33.0
322,2,EVENING,5:02,CLEAR,A,A1,HIGH,4.0,4,0.65,31.6
323,2,EVENING,4:55,CLEAR,A,A2,LOW,4.0,4,0.55,30.9
324,2,EVENING,5:03,CLEAR,A,A2,HIGH,3.0,4,0.57,33.2
325,2,EVENING,4:53,CLEAR,A,A3,LOW,3.0,4,0.56,33.9
326,2,EVENING,4:57,CLEAR,A,A3,HIGH,3.0,4,0.57,32.8
327,2,EVENING,5:02,CLEAR,A,A4,LOW,2.0,4,0.52,33.4
328,2,EVENING,5:03,CLEAR,A,A4,HIGH,3.0,4,0.52,31.2
329,2,EVENING,4:47,CLEAR,B,B1,LOW,3.0,4,0.52,32.5
330,2,EVENING,4:46,CLEAR,B,B1,HIGH,4.0,4,0.53,31.3
331,2,EVENING,4:55,CLEAR,B,B2,LOW,3.0,4,0.55,33.6
332,2,EVENING,4:55,CLEAR,B,B2,HIGH,3.0,4,0.58,33.3
333,2,EVENING,4:59,CLEAR,B,B3,LOW,4.0,4,0.57,33.2
334,2,EVENING,5:03,CLEAR,B,B3,HIGH,4.0,4,0.57,32.8
335,2,EVENING,4:46,CLEAR,B,B4,LOW,3.0,4,0.61,33.3
336,2,EVENING,4:56,CLEAR,B,B4,HIGH,4.0,4,0.52,32.7
337,2,EVENING,5:03,CLEAR,C,C1,LOW,1.0,1,0.53,33.3
338,2,EVENING,5:05,CLEAR,C,C1,HIGH,2.0,1,0.46,31.9
339,2,EVENING,5:00,CLEAR,C,C2,LOW,1.0,1,0.54,32.4
340,2,EVENING,5:03,CLEAR,C,C2,HIGH,3.0,1,0.55,31.9
341,2,EVENING,4:59,CLEAR,C,C3,LOW,3.0,1,0.56,31.1
342,2,EVENING,4:59,CLEAR,C,C3,HIGH,1.0,1,0.56,33.0
343,2,EVENING,5:01,CLEAR,C,C4,LOW,1.0,1,0.53,31.2
344,2,EVENING,5:05,CLEAR,C,C4,HIGH,1.0,1,0.62,34.4
345,2,EVENING,4:54,CLEAR,D,D1,LOW,2.0,1,0.53,29.7
346,2,EVENING,4:56,CLEAR,D,D1,HIGH,1.0,1,0.53,31.1
347,2,EVENING,4:58,CLEAR,D,D2,LOW,3.0,1,0.48,32.0
348,2,EVENING,4:53,CLEAR,D,D2,HIGH,2.0,1,0.57,32.0
349,2,EVENING,4:58,CLEAR,D,D3,LOW,2.0,1,0.58,31.2
350,2,EVENING,4:59,CLEAR,D,D3,HIGH,2.0,1,0.6,31.0
351,2,EVENING,4:52,CLEAR,D,D4,LOW,2.0,1,0.5,32.9
352,2,EVENING,4:48,CLEAR,D,D4,HIGH,3.0,1,0.52,31.5
353,2,EVENING,5:09,CLEAR,E,E1,LOW,3.0,1,0.51,31.3
354,2,EVENING,5:09,CLEAR,E,E1,HIGH,2.0,1,0.62,32.9
355,2,EVENING,4:53,CLEAR,E,E2,LOW,1.0,1,0.5,32.0
356,2,EVENING,4:57,CLEAR,E,E2,HIGH,2.0,1,0.66,33.4
357,2,EVENING,4:53,CLEAR,E,E3,LOW,2.0,1,0.49,30.6
358,2,EVENING,5:00,CLEAR,E,E3,HIGH,2.0,1,0.54,30.4
359,2,EVENING,5:06,CLEAR,E,E4,LOW,1.0,1,0.5,30.7
360,2,EVENING,5:04,CLEAR,E,E4,HIGH,2.0,1,0.5,31.1
361,2,EVENING,4:53,CLEAR,F,F1,LOW,3.0,1,0.56,32.1
362,2,EVENING,4:51,CLEAR,F,F1,HIGH,2.0,1,0.47,31.5
363,2,EVENING,4:53,CLEAR,F,F2,LOW,2.0,1,0.54,32.8
364,2,EVENING,4:59,CLEAR,F,F2,HIGH,2.0,1,0.61,31.2
365,2,EVENING,4:56,CLEAR,F,F3,LOW,2.0,1,0.49,30.2
366,2,EVENING,4:51,CLEAR,F,F3,HIGH,1.0,1,0.63,32.3
367,2,EVENING,4:51,CLEAR,F,F4,LOW,1.0,1,1.0,32.0
368,2,EVENING,4:58,CLEAR,F,F4,HIGH,3.0,1,0.58,31.6
369,2,EVENING,5:10,CLEAR,G,G1,LOW,2.0,4,0.58,31.4
370,2,EVENING,5:01,CLEAR,G,G1,HIGH,4.0,4,0.59,32.8
371,2,EVENING,5:01,CLEAR,G,G2,LOW,4.0,4,0.41,31.2
372,2,EVENING,4:51,CLEAR,G,G2,HIGH,2.0,4,0.56,31.4
373,2,EVENING,4:57,CLEAR,G,G3,LOW,3.0,4,0.54,33.6
374,2,EVENING,4:57,CLEAR,G,G3,HIGH,4.0,4,0.51,32.6
375,2,EVENING,5:03,CLEAR,G,G4,LOW,2.0,4,0.51,31.3
376,2,EVENING,5:11,CLEAR,G,G4,HIGH,3.0,4,0.61,31.7
377,2,EVENING,4:54,CLEAR,H,H1,LOW,2.0,4,0.52,33.3
378,2,EVENING,4:50,CLEAR,H,H1,HIGH,1.0,4,0.64,31.2
379,2,EVENING,4:51,CLEAR,H,H2,LOW,1.0,4,0.47,30.4
380,2,EVENING,4:52,CLEAR,H,H2,HIGH,2.0,4,0.43,33.4
381,2,EVENING,4:51,CLEAR,H,H3,LOW,3.0,4,0.57,33.1
382,2,EVENING,4:53,CLEAR,H,H3,HIGH,3.0,4,0.54,33.1
383,2,EVENING,4:54,CLEAR,H,H4,LOW,3.0,4,0.51,32.4
384,2,EVENING,4:48,CLEAR,H,H4,HIGH,1.0,4,0.57,31.1
385,3,MORNING,8:33,CLEAR,A,A1,LOW,2.0,4,0.74,27.8
386,3,MORNING,8:39,CLEAR,A,A1,HIGH,1.0,4,0.76,25.1
387,3,MORNING,8:34,CLEAR,A,A2,LOW,1.0,4,0.69,25.0
388,3,MORNING,8:39,CLEAR,A,A2,HIGH,1.0,4,0.58,25.6
389,3,MORNING,8:33,CLEAR,A,A3,LOW,3.0,4,0.77,27.0
390,3,MORNING,8:36,CLEAR,A,A3,HIGH,2.0,4,0.65,24.8
391,3,MORNING,8:44,CLEAR,A,A4,LOW,2.0,4,0.72,26.8
392,3,MORNING,8:41,CLEAR,A,A4,HIGH,3.0,4,0.73,25.9
393,3,MORNING,8:44,CLEAR,B,B1,LOW,3.0,4,0.78,25.1
394,3,MORNING,8:46,CLEAR,B,B1,HIGH,3.0,4,0.74,26.4
395,3,MORNING,8:45,CLEAR,B,B2,LOW,3.0,4,0.81,27.3
396,3,MORNING,8:42,CLEAR,B,B2,HIGH,5.0,4,0.72,26.1
397,3,MORNING,8:43,CLEAR,B,B3,LOW,5.0,4,0.65,25.9
398,3,MORNING,8:42,CLEAR,B,B3,HIGH,4.0,4,0.84,26.5
399,3,MORNING,8:43,CLEAR,B,B4,LOW,5.0,4,0.68,25.6
400,3,MORNING,8:42,CLEAR,B,B4,HIGH,3.0,4,0.71,23.7
401,3,MORNING,8:50,CLEAR,C,C1,LOW,3.0,1,0.64,24.7
402,3,MORNING,8:42,CLEAR,C,C1,HIGH,4.0,1,0.62,25.7
403,3,MORNING,8:53,CLEAR,C,C2,LOW,4.0,1,0.7,24.5
404,3,MORNING,8:46,CLEAR,C,C2,HIGH,3.0,1,0.66,26.9
405,3,MORNING,8:53,CLEAR,C,C3,LOW,3.0,1,0.69,26.5
406,3,MORNING,8:48,CLEAR,C,C3,HIGH,2.0,1,0.71,24.9
407,3,MORNING,8:53,CLEAR,C,C4,LOW,2.0,1,0.64,24.9
408,3,MORNING,8:52,CLEAR,C,C4,HIGH,4.0,1,0.76,25.9
409,3,MORNING,8:47,CLEAR,D,D1,LOW,4.0,1,0.77,25.6
410,3,MORNING,8:50,CLEAR,D,D1,HIGH,5.0,1,0.76,25.0
411,3,MORNING,8:49,CLEAR,D,D2,LOW,5.0,1,0.61,28.8
412,3,MORNING,8:54,CLEAR,D,D2,HIGH,6.0,1,0.69,25.6
413,3,MORNING,8:55,CLEAR,D,D3,LOW,6.0,1,0.64,26.9
414,3,MORNING,8:52,CLEAR,D,D3,HIGH,5.0,1,0.77,26.1
415,3,MORNING,8:57,CLEAR,D,D4,LOW,6.0,1,0.7,27.0
416,3,MORNING,9:00,CLEAR,D,D4,HIGH,7.0,1,0.66,25.4
417,3,MORNING,8:59,CLEAR,E,E1,LOW,3.0,1,0.74,24.1
418,3,MORNING,8:55,CLEAR,E,E1,HIGH,2.0,1,0.83,26.4
419,3,MORNING,8:56,CLEAR,E,E2,LOW,3.0,1,0.79,26.4
420,3,MORNING,8:57,CLEAR,E,E2,HIGH,2.0,1,0.71,24.9
421,3,MORNING,9:01,CLEAR,E,E3,LOW,3.0,1,0.73,24.7
422,3,MORNING,8:56,CLEAR,E,E3,HIGH,3.0,1,0.71,26.7
423,3,MORNING,9:06,CLEAR,E,E4,LOW,3.0,1,0.68,27.1
424,3,MORNING,9:02,CLEAR,E,E4,HIGH,2.0,1,0.75,25.3
425,3,MORNING,9:04,CLEAR,F,F1,LOW,7.0,1,0.72,26.5
426,3,MORNING,9:05,CLEAR,F,F1,HIGH,7.0,1,0.68,26.3
427,3,MORNING,9:04,CLEAR,F,F2,LOW,8.0,1,0.76,26.2
428,3,MORNING,8:57,CLEAR,F,F2,HIGH,7.0,1,0.83,26.7
429,3,MORNING,9:04,CLEAR,F,F3,LOW,6.0,1,0.72,25.8
430,3,MORNING,9:01,CLEAR,F,F3,HIGH,7.0,1,0.65,26.1
431,3,MORNING,9:05,CLEAR,F,F4,LOW,4.0,1,0.69,25.0
432,3,MORNING,9:05,CLEAR,F,F4,HIGH,5.0,1,0.79,26.7
433,3,MORNING,9:09,CLEAR,G,G1,LOW,6.0,4,0.65,25.1
434,3,MORNING,9:11,CLEAR,G,G1,HIGH,5.0,4,0.79,27.0
435,3,MORNING,9:06,CLEAR,G,G2,LOW,5.0,4,0.71,26.8
436,3,MORNING,9:10,CLEAR,G,G2,HIGH,5.0,4,0.72,26.2
437,3,MORNING,9:04,CLEAR,G,G3,LOW,6.0,4,0.69,24.6
438,3,MORNING,9:09,CLEAR,G,G3,HIGH,6.0,4,0.8,25.1
439,3,MORNING,9:08,CLEAR,G,G4,LOW,6.0,4,0.71,26.6
440,3,MORNING,9:10,CLEAR,G,G4,HIGH,5.0,4,0.69,24.9
441,3,MORNING,9:12,CLEAR,H,H1,LOW,6.0,4,0.72,24.5
442,3,MORNING,9:14,CLEAR,H,H1,HIGH,4.0,4,0.83,25.9
443,3,MORNING,9:04,CLEAR,H,H2,LOW,4.0,4,0.69,26.2
444,3,MORNING,9:13,CLEAR,H,H2,HIGH,4.0,4,0.8,25.3
445,3,MORNING,9:12,CLEAR,H,H3,LOW,5.0,4,0.7,25.9
446,3,MORNING,9:07,CLEAR,H,H3,HIGH,4.0,4,0.76,25.4
447,3,MORNING,9:06,CLEAR,H,H4,LOW,4.0,4,0.72,27.0
448,3,MORNING,9:05,CLEAR,H,H4,HIGH,6.0,4,0.74,27.3
449,3,AFTERNOON,2:35,SUNNY,A,A1,LOW,6.0,4,0.64,36.1
450,3,AFTERNOON,3:04,SUNNY,A,A1,HIGH,4.0,4,0.63,35.1
451,3,AFTERNOON,2:48,SUNNY,A,A2,LOW,5.0,4,0.61,33.4
452,3,AFTERNOON,3:07,SUNNY,A,A2,HIGH,6.0,4,0.47,33.6
453,3,AFTERNOON,2:48,SUNNY,A,A3,LOW,6.0,4,0.62,33.7
454,3,AFTERNOON,3:00,SUNNY,A,A3,HIGH,6.0,4,0.55,35.0
455,3,AFTERNOON,2:46,SUNNY,A,A4,LOW,6.0,4,0.69,29.9
456,3,AFTERNOON,3:06,SUNNY,A,A4,HIGH,4.0,4,0.49,36.1
457,3,AFTERNOON,2:42,SUNNY,B,B1,LOW,6.0,4,0.56,35.9
458,3,AFTERNOON,3:04,SUNNY,B,B1,HIGH,6.0,4,0.56,33.3
459,3,AFTERNOON,2:38,SUNNY,B,B2,LOW,4.0,4,0.66,35.3
460,3,AFTERNOON,2:58,SUNNY,B,B2,HIGH,4.0,4,0.5,34.9
461,3,AFTERNOON,2:50,SUNNY,B,B3,LOW,6.0,4,0.6,35.6
462,3,AFTERNOON,3:01,SUNNY,B,B3,HIGH,6.0,4,0.52,36.1
463,3,AFTERNOON,2:49,SUNNY,B,B4,LOW,4.0,4,0.55,34.9
464,3,AFTERNOON,3:00,SUNNY,B,B4,HIGH,5.0,4,0.57,33.0
465,3,AFTERNOON,2:46,SUNNY,C,C1,LOW,2.0,1,0.53,33.6
466,3,AFTERNOON,3:01,SUNNY,C,C1,HIGH,3.0,1,0.45,32.2
467,3,AFTERNOON,2:51,SUNNY,C,C2,LOW,4.0,1,0.59,32.8
468,3,AFTERNOON,3:06,SUNNY,C,C2,HIGH,4.0,1,0.55,35.0
469,3,AFTERNOON,2:49,SUNNY,C,C3,LOW,2.0,1,0.64,34.1
470,3,AFTERNOON,3:08,SUNNY,C,C3,HIGH,2.0,1,0.68,36.4
471,3,AFTERNOON,2:55,SUNNY,C,C4,LOW,4.0,1,0.58,33.1
472,3,AFTERNOON,3:01,SUNNY,C,C4,HIGH,3.0,1,0.53,35.8
473,3,AFTERNOON,2:49,SUNNY,D,D1,LOW,3.0,1,0.61,32.2
474,3,AFTERNOON,3:00,SUNNY,D,D1,HIGH,3.0,1,0.54,34.7
475,3,AFTERNOON,2:46,SUNNY,D,D2,LOW,3.0,1,0.67,35.0
476,3,AFTERNOON,3:07,SUNNY,D,D2,HIGH,2.0,1,0.44,32.7
477,3,AFTERNOON,2:58,SUNNY,D,D3,LOW,2.0,1,0.65,34.5
478,3,AFTERNOON,3:08,SUNNY,D,D3,HIGH,2.0,1,0.58,34.2
479,3,AFTERNOON,2:56,SUNNY,D,D4,LOW,4.0,1,0.58,33.1
480,3,AFTERNOON,3:06,SUNNY,D,D4,HIGH,2.0,1,0.6,34.1
481,3,AFTERNOON,2:48,SUNNY,E,E1,LOW,3.0,1,0.67,34.2
482,3,AFTERNOON,3:01,SUNNY,E,E1,HIGH,3.0,1,0.62,34.1
483,3,AFTERNOON,2:48,SUNNY,E,E2,LOW,4.0,1,0.66,35.1
484,3,AFTERNOON,3:11,SUNNY,E,E2,HIGH,2.0,1,0.65,35.8
485,3,AFTERNOON,3:02,SUNNY,E,E3,LOW,3.0,1,0.61,33.8
486,3,AFTERNOON,3:12,SUNNY,E,E3,HIGH,2.0,1,0.54,32.7
487,3,AFTERNOON,2:56,SUNNY,E,E4,LOW,4.0,1,0.56,35.3
488,3,AFTERNOON,3:08,SUNNY,E,E4,HIGH,2.0,1,0.57,34.1
489,3,AFTERNOON,2:49,SUNNY,F,F1,LOW,4.0,1,0.57,34.3
490,3,AFTERNOON,3:04,SUNNY,F,F1,HIGH,3.0,1,0.55,33.5
491,3,AFTERNOON,2:49,SUNNY,F,F2,LOW,4.0,1,0.58,33.4
492,3,AFTERNOON,3:05,SUNNY,F,F2,HIGH,2.0,1,0.59,34.7
493,3,AFTERNOON,2:55,SUNNY,F,F3,LOW,3.0,1,0.64,35.5
494,3,AFTERNOON,3:08,SUNNY,F,F3,HIGH,2.0,1,0.53,36.9
495,3,AFTERNOON,3:02,SUNNY,F,F4,LOW,4.0,1,0.51,36.1
496,3,AFTERNOON,3:12,SUNNY,F,F4,HIGH,2.0,1,0.56,30.9
497,3,AFTERNOON,2:52,SUNNY,G,G1,LOW,5.0,4,0.57,36.8
498,3,AFTERNOON,3:08,SUNNY,G,G1,HIGH,3.0,4,0.56,35.7
499,3,AFTERNOON,3:02,SUNNY,G,G2,LOW,4.0,4,0.56,35.1
500,3,AFTERNOON,3:13,SUNNY,G,G2,HIGH,5.0,4,0.47,33.1
501,3,AFTERNOON,3:02,SUNNY,G,G3,LOW,4.0,4,0.57,33.0
502,3,AFTERNOON,3:06,SUNNY,G,G3,HIGH,3.0,4,0.59,36.6
503,3,AFTERNOON,3:05,SUNNY,G,G4,LOW,4.0,4,0.59,32.2
504,3,AFTERNOON,3:08,SUNNY,G,G4,HIGH,5.0,4,0.5,34.5
505,3,AFTERNOON,2:55,SUNNY,H,H1,LOW,4.0,4,0.66,34.7
506,3,AFTERNOON,3:10,SUNNY,H,H1,HIGH,4.0,4,0.54,36.7
507,3,AFTERNOON,2:57,SUNNY,H,H2,LOW,3.0,4,0.62,32.5
508,3,AFTERNOON,3:07,SUNNY,H,H2,HIGH,3.0,4,0.49,36.9
509,3,AFTERNOON,2:51,SUNNY,H,H3,LOW,3.0,4,0.6,33.0
510,3,AFTERNOON,3:11,SUNNY,H,H3,HIGH,5.0,4,0.6,34.6
511,3,AFTERNOON,2:57,SUNNY,H,H4,LOW,3.0,4,0.58,33.1
512,3,AFTERNOON,3:09,SUNNY,H,H4,HIGH,3.0,4,0.54,32.3
513,3,EVENING,5:00,CLOUDY,A,A1,LOW,2.0,4,0.53,28.0
514,3,EVENING,4:58,CLOUDY,A,A1,HIGH,3.0,4,0.63,28.1
515,3,EVENING,4:54,CLOUDY,A,A2,LOW,2.0,4,0.53,27.4
516,3,EVENING,4:56,CLOUDY,A,A2,HIGH,3.0,4,0.65,28.5
517,3,EVENING,4:54,CLOUDY,A,A3,LOW,4.0,4,0.52,27.6
518,3,EVENING,4:53,CLOUDY,A,A3,HIGH,4.0,4,0.65,29.1
519,3,EVENING,5:06,CLOUDY,A,A4,LOW,3.0,4,0.61,28.4
520,3,EVENING,5:09,CLOUDY,A,A4,HIGH,4.0,4,0.62,28.2
521,3,EVENING,4:53,CLOUDY,B,B1,LOW,4.0,4,0.52,29.7
522,3,EVENING,4:54,CLOUDY,B,B1,HIGH,3.0,4,0.48,27.6
523,3,EVENING,4:56,CLOUDY,B,B2,LOW,3.0,4,0.52,26.4
524,3,EVENING,5:02,CLOUDY,B,B2,HIGH,2.0,4,0.59,28.9
525,3,EVENING,4:55,CLOUDY,B,B3,LOW,3.0,4,0.57,26.4
526,3,EVENING,5:03,CLOUDY,B,B3,HIGH,4.0,4,0.55,27.4
527,3,EVENING,4:50,CLOUDY,B,B4,LOW,4.0,4,0.55,27.7
528,3,EVENING,4:46,CLOUDY,B,B4,HIGH,3.0,4,0.53,28.4
529,3,EVENING,5:05,CLOUDY,C,C1,LOW,1.0,1,0.49,26.8
530,3,EVENING,5:02,CLOUDY,C,C1,HIGH,2.0,1,0.56,28.8
531,3,EVENING,4:56,CLOUDY,C,C2,LOW,2.0,1,0.53,29.4
532,3,EVENING,4:54,CLOUDY,C,C2,HIGH,3.0,1,0.55,28.7
533,3,EVENING,5:00,CLOUDY,C,C3,LOW,3.0,1,0.58,28.1
534,3,EVENING,4:54,CLOUDY,C,C3,HIGH,1.0,1,0.62,27.9
535,3,EVENING,5:00,CLOUDY,C,C4,LOW,3.0,1,0.54,29.1
536,3,EVENING,5:06,CLOUDY,C,C4,HIGH,2.0,1,0.56,27.8
537,3,EVENING,4:53,CLOUDY,D,D1,LOW,2.0,1,0.52,27.3
538,3,EVENING,4:53,CLOUDY,D,D1,HIGH,3.0,1,0.59,26.6
539,3,EVENING,4:58,CLOUDY,D,D2,LOW,1.0,1,0.56,27.9
540,3,EVENING,4:54,CLOUDY,D,D2,HIGH,3.0,1,0.5,28.9
541,3,EVENING,4:58,CLOUDY,D,D3,LOW,1.0,1,0.5,27.4
542,3,EVENING,5:01,CLOUDY,D,D3,HIGH,3.0,1,0.46,27.5
543,3,EVENING,4:55,CLOUDY,D,D4,LOW,2.0,1,0.51,27.1
544,3,EVENING,4:53,CLOUDY,D,D4,HIGH,3.0,1,0.45,26.8
545,3,EVENING,5:10,CLOUDY,E,E1,LOW,1.0,1,0.59,26.3
546,3,EVENING,5:00,CLOUDY,E,E1,HIGH,1.0,1,0.52,29.4
547,3,EVENING,4:56,CLOUDY,E,E2,LOW,3.0,1,0.52,27.6
548,3,EVENING,4:53,CLOUDY,E,E2,HIGH,1.0,1,0.6,28.0
549,3,EVENING,4:51,CLOUDY,E,E3,LOW,3.0,1,0.5,27.6
550,3,EVENING,5:01,CLOUDY,E,E3,HIGH,1.0,1,0.55,27.3
551,3,EVENING,5:10,CLOUDY,E,E4,LOW,1.0,1,0.63,27.8
552,3,EVENING,5:02,CLOUDY,E,E4,HIGH,1.0,1,0.58,28.3
553,3,EVENING,4:53,CLOUDY,F,F1,LOW,3.0,1,0.41,28.2
554,3,EVENING,4:51,CLOUDY,F,F1,HIGH,3.0,1,0.46,28.5
555,3,EVENING,4:57,CLOUDY,F,F2,LOW,2.0,1,0.57,27.4
556,3,EVENING,4:57,CLOUDY,F,F2,HIGH,1.0,1,0.55,28.0
557,3,EVENING,4:52,CLOUDY,F,F3,LOW,1.0,1,0.54,28.1
558,3,EVENING,4:51,CLOUDY,F,F3,HIGH,3.0,1,0.55,28.4
559,3,EVENING,4:46,CLOUDY,F,F4,LOW,1.0,1,1.0,27.1
560,3,EVENING,4:52,CLOUDY,F,F4,HIGH,1.0,1,0.5,28.8
561,3,EVENING,5:02,CLOUDY,G,G1,LOW,3.0,4,0.45,28.7
562,3,EVENING,5:01,CLOUDY,G,G1,HIGH,2.0,4,0.52,27.6
563,3,EVENING,5:01,CLOUDY,G,G2,LOW,3.0,4,0.45,27.3
564,3,EVENING,4:56,CLOUDY,G,G2,HIGH,4.0,4,0.57,28.6
565,3,EVENING,4:57,CLOUDY,G,G3,LOW,4.0,4,0.58,27.8
566,3,EVENING,4:57,CLOUDY,G,G3,HIGH,3.0,4,0.53,28.0
567,3,EVENING,5:01,CLOUDY,G,G4,LOW,3.0,4,0.62,27.3
568,3,EVENING,5:10,CLOUDY,G,G4,HIGH,2.0,4,0.54,26.9
569,3,EVENING,4:51,CLOUDY,H,H1,LOW,2.0,4,0.47,28.2
570,3,EVENING,4:57,CLOUDY,H,H1,HIGH,2.0,4,0.48,27.5
571,3,EVENING,5:00,CLOUDY,H,H2,LOW,2.0,4,0.51,28.0
572,3,EVENING,5:00,CLOUDY,H,H2,HIGH,1.0,4,0.47,26.7
573,3,EVENING,4:53,CLOUDY,H,H3,LOW,3.0,4,0.64,28.6
574,3,EVENING,4:56,CLOUDY,H,H3,HIGH,2.0,4,0.58,28.8
575,3,EVENING,4:58,CLOUDY,H,H4,LOW,1.0,4,0.52,29.0
576,3,EVENING,4:52,CLOUDY,H,H4,HIGH,3.0,4,0.54,27.9
577,4,MORNING,8:33,CLEAR,A,A1,LOW,1.0,4,0.67,25.9
578,4,MORNING,8:33,CLEAR,A,A1,HIGH,1.0,4,0.71,24.9
579,4,MORNING,8:33,CLEAR,A,A2,LOW,2.0,4,0.78,26.8
580,4,MORNING,8:32,CLEAR,A,A2,HIGH,1.0,4,0.66,25.8
581,4,MORNING,8:42,CLEAR,A,A3,LOW,3.0,4,0.65,26.6
582,4,MORNING,8:39,CLEAR,A,A3,HIGH,3.0,4,0.7,25.1
583,4,MORNING,8:43,CLEAR,A,A4,LOW,2.0,4,0.72,27.4
584,4,MORNING,8:41,CLEAR,A,A4,HIGH,1.0,4,0.72,26.1
585,4,MORNING,8:41,CLEAR,B,B1,LOW,4.0,4,0.74,26.0
586,4,MORNING,8:44,CLEAR,B,B1,HIGH,4.0,4,0.75,24.7
587,4,MORNING,8:45,CLEAR,B,B2,LOW,3.0,4,0.66,25.3
588,4,MORNING,8:41,CLEAR,B,B2,HIGH,4.0,4,0.74,26.5
589,4,MORNING,8:44,CLEAR,B,B3,LOW,4.0,4,0.73,26.7
590,4,MORNING,8:47,CLEAR,B,B3,HIGH,3.0,4,0.65,25.7
591,4,MORNING,8:39,CLEAR,B,B4,LOW,5.0,4,0.69,27.1
592,4,MORNING,8:43,CLEAR,B,B4,HIGH,3.0,4,0.64,25.1
593,4,MORNING,8:42,CLEAR,C,C1,LOW,4.0,1,0.62,26.3
594,4,MORNING,8:49,CLEAR,C,C1,HIGH,3.0,1,0.68,25.3
595,4,MORNING,8:49,CLEAR,C,C2,LOW,2.0,1,0.65,27.9
596,4,MORNING,8:49,CLEAR,C,C2,HIGH,2.0,1,0.73,27.6
597,4,MORNING,8:50,CLEAR,C,C3,LOW,2.0,1,0.68,25.3
598,4,MORNING,8:53,CLEAR,C,C3,HIGH,4.0,1,0.72,25.2
599,4,MORNING,8:47,CLEAR,C,C4,LOW,2.0,1,0.7,25.4
600,4,MORNING,8:53,CLEAR,C,C4,HIGH,3.0,1,0.83,26.9
601,4,MORNING,8:56,CLEAR,D,D1,LOW,6.0,1,0.65,24.7
602,4,MORNING,8:50,CLEAR,D,D1,HIGH,5.0,1,0.61,25.4
603,4,MORNING,8:53,CLEAR,D,D2,LOW,5.0,1,0.64,26.6
604,4,MORNING,8:58,CLEAR,D,D2,HIGH,5.0,1,0.77,25.7
605,4,MORNING,8:49,CLEAR,D,D3,LOW,6.0,1,0.63,25.7
606,4,MORNING,8:54,CLEAR,D,D3,HIGH,4.0,1,0.7,27.2
607,4,MORNING,8:56,CLEAR,D,D4,LOW,6.0,1,0.72,25.7
608,4,MORNING,8:52,CLEAR,D,D4,HIGH,5.0,1,0.73,26.6
609,4,MORNING,8:53,CLEAR,E,E1,LOW,2.0,1,0.66,24.7
610,4,MORNING,8:57,CLEAR,E,E1,HIGH,3.0,1,0.74,26.7
611,4,MORNING,9:04,CLEAR,E,E2,LOW,4.0,1,0.67,23.8
612,4,MORNING,8:57,CLEAR,E,E2,HIGH,3.0,1,0.76,26.0
613,4,MORNING,9:05,CLEAR,E,E3,LOW,4.0,1,0.71,25.9
614,4,MORNING,8:57,CLEAR,E,E3,HIGH,3.0,1,0.73,26.6
615,4,MORNING,8:59,CLEAR,E,E4,LOW,3.0,1,0.69,25.2
616,4,MORNING,8:57,CLEAR,E,E4,HIGH,4.0,1,0.64,27.3
617,4,MORNING,8:59,CLEAR,F,F1,LOW,7.0,1,0.79,26.5
618,4,MORNING,9:04,CLEAR,F,F1,HIGH,6.0,1,0.82,25.7
619,4,MORNING,9:02,CLEAR,F,F2,LOW,7.0,1,0.75,24.7
620,4,MORNING,9:05,CLEAR,F,F2,HIGH,7.0,1,0.7,25.0
621,4,MORNING,9:05,CLEAR,F,F3,LOW,6.0,1,0.71,26.5
622,4,MORNING,9:01,CLEAR,F,F3,HIGH,7.0,1,0.75,25.5
623,4,MORNING,9:09,CLEAR,F,F4,LOW,5.0,1,0.6,27.3
624,4,MORNING,9:02,CLEAR,F,F4,HIGH,4.0,1,0.68,27.5
625,4,MORNING,9:01,CLEAR,G,G1,LOW,5.0,4,0.66,25.6
626,4,MORNING,9:09,CLEAR,G,G1,HIGH,5.0,4,0.67,25.4
627,4,MORNING,9:00,CLEAR,G,G2,LOW,6.0,4,0.68,25.3
628,4,MORNING,9:04,CLEAR,G,G2,HIGH,4.0,4,0.76,28.3
629,4,MORNING,9:07,CLEAR,G,G3,LOW,5.0,4,0.65,25.8
630,4,MORNING,9:08,CLEAR,G,G3,HIGH,6.0,4,0.79,25.7
631,4,MORNING,9:06,CLEAR,G,G4,LOW,4.0,4,0.69,23.4
632,4,MORNING,9:08,CLEAR,G,G4,HIGH,5.0,4,0.73,25.2
633,4,MORNING,9:12,CLEAR,H,H1,LOW,6.0,4,0.61,27.0
634,4,MORNING,9:13,CLEAR,H,H1,HIGH,5.0,4,0.64,26.5
635,4,MORNING,9:07,CLEAR,H,H2,LOW,4.0,4,0.7,25.6
636,4,MORNING,9:05,CLEAR,H,H2,HIGH,6.0,4,0.78,25.8
637,4,MORNING,9:11,CLEAR,H,H3,LOW,4.0,4,0.68,26.0
638,4,MORNING,9:09,CLEAR,H,H3,HIGH,5.0,4,0.59,25.6
639,4,MORNING,9:09,CLEAR,H,H4,LOW,4.0,4,0.76,25.8
640,4,MORNING,9:05,CLEAR,H,H4,HIGH,4.0,4,0.72,25.3
641,4,AFTERNOON,2:43,SUNNY,A,A1,LOW,4.0,4,0.62,33.7
642,4,AFTERNOON,3:04,SUNNY,A,A1,HIGH,4.0,4,0.62,36.0
643,4,AFTERNOON,2:45,SUNNY,A,A2,LOW,6.0,4,0.52,33.6
644,4,AFTERNOON,2:58,SUNNY,A,A2,HIGH,6.0,4,0.51,34.1
645,4,AFTERNOON,2:44,SUNNY,A,A3,LOW,6.0,4,0.59,34.1
646,4,AFTERNOON,3:07,SUNNY,A,A3,HIGH,6.0,4,0.53,34.3
647,4,AFTERNOON,2:50,SUNNY,A,A4,LOW,6.0,4,0.58,35.9
648,4,AFTERNOON,3:03,SUNNY,A,A4,HIGH,6.0,4,0.52,35.8
649,4,AFTERNOON,2:50,SUNNY,B,B1,LOW,4.0,4,0.67,34.3
650,4,AFTERNOON,3:05,SUNNY,B,B1,HIGH,5.0,4,0.6,36.0
651,4,AFTERNOON,2:39,SUNNY,B,B2,LOW,6.0,4,0.58,33.6
652,4,AFTERNOON,3:01,SUNNY,B,B2,HIGH,5.0,4,0.62,33.9
653,4,AFTERNOON,2:53,SUNNY,B,B3,LOW,4.0,4,0.6,32.4
654,4,AFTERNOON,3:00,SUNNY,B,B3,HIGH,5.0,4,0.59,34.0
655,4,AFTERNOON,2:46,SUNNY,B,B4,LOW,6.0,4,0.59,34.3
656,4,AFTERNOON,2:59,SUNNY,B,B4,HIGH,6.0,4,0.47,35.5
657,4,AFTERNOON,2:44,SUNNY,C,C1,LOW,3.0,1,0.64,33.8
658,4,AFTERNOON,3:02,SUNNY,C,C1,HIGH,3.0,1,0.49,35.7
659,4,AFTERNOON,2:50,SUNNY,C,C2,LOW,2.0,1,0.62,31.5
660,4,AFTERNOON,3:03,SUNNY,C,C2,HIGH,2.0,1,0.57,36.4
661,4,AFTERNOON,2:54,SUNNY,C,C3,LOW,4.0,1,0.7,32.8
662,4,AFTERNOON,3:09,SUNNY,C,C3,HIGH,3.0,1,0.71,34.5
663,4,AFTERNOON,2:47,SUNNY,C,C4,LOW,2.0,1,0.58,34.4
664,4,AFTERNOON,3:02,SUNNY,C,C4,HIGH,4.0,1,0.5,33.9
665,4,AFTERNOON,2:50,SUNNY,D,D1,LOW,4.0,1,0.67,35.3
666,4,AFTERNOON,3:01,SUNNY,D,D1,HIGH,4.0,1,0.59,32.7
667,4,AFTERNOON,2:52,SUNNY,D,D2,LOW,2.0,1,0.59,32.2
668,4,AFTERNOON,3:06,SUNNY,D,D2,HIGH,2.0,1,0.58,34.5
669,4,AFTERNOON,2:51,SUNNY,D,D3,LOW,4.0,1,0.7,33.4
670,4,AFTERNOON,3:11,SUNNY,D,D3,HIGH,2.0,1,0.7,34.6
671,4,AFTERNOON,2:55,SUNNY,D,D4,LOW,4.0,1,0.55,32.3
672,4,AFTERNOON,3:10,SUNNY,D,D4,HIGH,3.0,1,0.56,34.4
673,4,AFTERNOON,2:46,SUNNY,E,E1,LOW,3.0,1,0.54,32.3
674,4,AFTERNOON,3:03,SUNNY,E,E1,HIGH,4.0,1,0.6,33.4
675,4,AFTERNOON,2:52,SUNNY,E,E2,LOW,3.0,1,0.6,30.9
676,4,AFTERNOON,3:04,SUNNY,E,E2,HIGH,3.0,1,0.61,35.4
677,4,AFTERNOON,2:56,SUNNY,E,E3,LOW,3.0,1,0.68,32.9
678,4,AFTERNOON,3:07,SUNNY,E,E3,HIGH,3.0,1,0.48,35.9
679,4,AFTERNOON,2:58,SUNNY,E,E4,LOW,2.0,1,0.61,32.7
680,4,AFTERNOON,3:10,SUNNY,E,E4,HIGH,2.0,1,0.53,34.3
681,4,AFTERNOON,2:58,SUNNY,F,F1,LOW,4.0,1,0.57,34.2
682,4,AFTERNOON,3:09,SUNNY,F,F1,HIGH,3.0,1,0.63,36.3
683,4,AFTERNOON,2:50,SUNNY,F,F2,LOW,2.0,1,0.59,34.6
684,4,AFTERNOON,3:08,SUNNY,F,F2,HIGH,2.0,1,0.65,33.3
685,4,AFTERNOON,2:54,SUNNY,F,F3,LOW,2.0,1,0.58,32.7
686,4,AFTERNOON,3:09,SUNNY,F,F3,HIGH,2.0,1,0.56,33.8
687,4,AFTERNOON,3:02,SUNNY,F,F4,LOW,4.0,1,0.64,35.3
688,4,AFTERNOON,3:07,SUNNY,F,F4,HIGH,2.0,1,0.59,32.4
689,4,AFTERNOON,2:53,SUNNY,G,G1,LOW,5.0,4,0.59,32.6
690,4,AFTERNOON,3:17,SUNNY,G,G1,HIGH,5.0,4,0.65,36.3
691,4,AFTERNOON,3:00,SUNNY,G,G2,LOW,3.0,4,0.64,36.5
692,4,AFTERNOON,3:08,SUNNY,G,G2,HIGH,3.0,4,0.58,34.3
693,4,AFTERNOON,2:55,SUNNY,G,G3,LOW,3.0,4,0.58,32.0
694,4,AFTERNOON,3:10,SUNNY,G,G3,HIGH,3.0,4,0.59,33.8
695,4,AFTERNOON,2:58,SUNNY,G,G4,LOW,4.0,4,0.58,34.2
696,4,AFTERNOON,3:13,SUNNY,G,G4,HIGH,4.0,4,0.55,34.2
697,4,AFTERNOON,2:54,SUNNY,H,H1,LOW,4.0,4,0.59,32.5
698,4,AFTERNOON,3:05,SUNNY,H,H1,HIGH,3.0,4,0.56,33.7
699,4,AFTERNOON,2:58,SUNNY,H,H2,LOW,5.0,4,0.64,33.0
700,4,AFTERNOON,3:12,SUNNY,H,H2,HIGH,4.0,4,0.62,33.6
701,4,AFTERNOON,2:56,SUNNY,H,H3,LOW,3.0,4,0.58,34.0
702,4,AFTERNOON,3:09,SUNNY,H,H3,HIGH,4.0,4,0.44,35.3
703,4,AFTERNOON,2:58,SUNNY,H,H4,LOW,4.0,4,0.59,34.1
704,4,AFTERNOON,3:08,SUNNY,H,H4,HIGH,3.0,4,0.53,33.1
705,4,EVENING,5:03,CLEAR,A,A1,LOW,2.0,4,0.48,32.6
706,4,EVENING,5:05,CLEAR,A,A1,HIGH,2.0,4,0.6,32.0
707,4,EVENING,5:02,CLEAR,A,A2,LOW,2.0,4,0.5,31.2
708,4,EVENING,5:01,CLEAR,A,A2,HIGH,3.0,4,0.61,34.7
709,4,EVENING,4:54,CLEAR,A,A3,LOW,3.0,4,0.61,32.2
710,4,EVENING,4:53,CLEAR,A,A3,HIGH,2.0,4,0.49,32.6
711,4,EVENING,4:59,CLEAR,A,A4,LOW,2.0,4,0.5,31.8
712,4,EVENING,5:04,CLEAR,A,A4,HIGH,2.0,4,0.53,34.0
713,4,EVENING,4:46,CLEAR,B,B1,LOW,2.0,4,0.46,33.0
714,4,EVENING,4:52,CLEAR,B,B1,HIGH,3.0,4,0.5,33.4
715,4,EVENING,4:56,CLEAR,B,B2,LOW,4.0,4,0.43,32.0
716,4,EVENING,4:59,CLEAR,B,B2,HIGH,3.0,4,0.62,31.2
717,4,EVENING,4:58,CLEAR,B,B3,LOW,4.0,4,0.56,31.7
718,4,EVENING,4:58,CLEAR,B,B3,HIGH,3.0,4,0.55,30.4
719,4,EVENING,4:54,CLEAR,B,B4,LOW,3.0,4,0.62,34.0
720,4,EVENING,4:53,CLEAR,B,B4,HIGH,3.0,4,0.47,31.1
721,4,EVENING,5:07,CLEAR,C,C1,LOW,3.0,1,0.56,31.2
722,4,EVENING,5:07,CLEAR,C,C1,HIGH,3.0,1,0.62,31.4
723,4,EVENING,4:55,CLEAR,C,C2,LOW,3.0,1,0.55,30.6
724,4,EVENING,5:00,CLEAR,C,C2,HIGH,1.0,1,0.65,33.1
725,4,EVENING,4:57,CLEAR,C,C3,LOW,1.0,1,0.58,31.8
726,4,EVENING,4:59,CLEAR,C,C3,HIGH,2.0,1,0.58,31.2
727,4,EVENING,5:01,CLEAR,C,C4,LOW,3.0,1,0.48,33.3
728,4,EVENING,5:10,CLEAR,C,C4,HIGH,2.0,1,0.54,30.7
729,4,EVENING,4:45,CLEAR,D,D1,LOW,3.0,1,0.48,32.4
730,4,EVENING,4:49,CLEAR,D,D1,HIGH,2.0,1,0.49,32.2
731,4,EVENING,5:01,CLEAR,D,D2,LOW,3.0,1,0.57,32.0
732,4,EVENING,4:59,CLEAR,D,D2,HIGH,1.0,1,0.62,33.4
733,4,EVENING,4:54,CLEAR,D,D3,LOW,2.0,1,0.56,31.2
734,4,EVENING,4:54,CLEAR,D,D3,HIGH,1.0,1,0.53,30.7
735,4,EVENING,4:48,CLEAR,D,D4,LOW,1.0,1,0.46,31.0
736,4,EVENING,4:51,CLEAR,D,D4,HIGH,2.0,1,0.52,31.6
737,4,EVENING,5:08,CLEAR,E,E1,LOW,3.0,1,0.57,32.7
738,4,EVENING,5:08,CLEAR,E,E1,HIGH,1.0,1,0.58,31.4
739,4,EVENING,5:00,CLEAR,E,E2,LOW,1.0,1,0.51,33.6
740,4,EVENING,4:53,CLEAR,E,E2,HIGH,1.0,1,0.52,32.6
741,4,EVENING,5:01,CLEAR,E,E3,LOW,1.0,1,0.63,30.4
742,4,EVENING,4:51,CLEAR,E,E3,HIGH,1.0,1,0.56,32.4
743,4,EVENING,5:11,CLEAR,E,E4,LOW,3.0,1,0.51,31.3
744,4,EVENING,5:08,CLEAR,E,E4,HIGH,3.0,1,0.54,31.7
745,4,EVENING,4:46,CLEAR,F,F1,LOW,3.0,1,0.56,30.7
746,4,EVENING,4:49,CLEAR,F,F1,HIGH,2.0,1,0.41,32.1
747,4,EVENING,4:55,CLEAR,F,F2,LOW,3.0,1,0.51,33.4
748,4,EVENING,4:55,CLEAR,F,F2,HIGH,2.0,1,0.55,32.3
749,4,EVENING,4:59,CLEAR,F,F3,LOW,3.0,1,0.57,32.3
750,4,EVENING,5:01,CLEAR,F,F3,HIGH,3.0,1,0.52,30.9
751,4,EVENING,4:51,CLEAR,F,F4,LOW,2.0,1,1.0,33.1
752,4,EVENING,4:50,CLEAR,F,F4,HIGH,3.0,1,0.56,31.9
753,4,EVENING,5:08,CLEAR,G,G1,LOW,3.0,4,0.52,32.4
754,4,EVENING,5:09,CLEAR,G,G1,HIGH,4.0,4,0.57,32.5
755,4,EVENING,4:57,CLEAR,G,G2,LOW,3.0,4,0.48,33.1
756,4,EVENING,4:57,CLEAR,G,G2,HIGH,2.0,4,0.57,31.6
757,4,EVENING,4:56,CLEAR,G,G3,LOW,3.0,4,0.43,32.5
758,4,EVENING,5:00,CLEAR,G,G3,HIGH,2.0,4,0.49,30.9
759,4,EVENING,5:09,CLEAR,G,G4,LOW,4.0,4,0.59,33.7
760,4,EVENING,5:10,CLEAR,G,G4,HIGH,4.0,4,0.6,34.3
761,4,EVENING,4:46,CLEAR,H,H1,LOW,2.0,4,0.45,31.5
762,4,EVENING,4:49,CLEAR,H,H1,HIGH,1.0,4,0.55,32.0
763,4,EVENING,4:54,CLEAR,H,H2,LOW,1.0,4,0.48,32.2
764,4,EVENING,4:59,CLEAR,H,H2,HIGH,1.0,4,0.48,31.9
765,4,EVENING,4:51,CLEAR,H,H3,LOW,2.0,4,0.5,31.6
766,4,EVENING,4:54,CLEAR,H,H3,HIGH,3.0,4,0.61,31.7
767,4,EVENING,4:50,CLEAR,H,H4,LOW,3.0,4,0.48,32.0
768,4,EVENING,4:53,CLEAR,H,H4,HIGH,1.0,4,0.52,30.3
769,5,MORNING,8:38,CLOUDY,A,A1,LOW,1.0,4,0.71,22.8
770,5,MORNING,8:35,CLOUDY,A,A1,HIGH,1.0,4,0.8,24.2
771,5,MORNING,8:33,CLOUDY,A,A2,LOW,2.0,4,0.63,23.9
772,5,MORNING,8:34,CLOUDY,A,A2,HIGH,1.0,4,0.83,23.4
773,5,MORNING,8:37,CLOUDY,A,A3,LOW,1.0,4,0.75,23.5
774,5,MORNING,8:33,CLOUDY,A,A3,HIGH,2.0,4,0.66,23.9
775,5,MORNING,8:42,CLOUDY,A,A4,LOW,1.0,4,0.68,24.7
776,5,MORNING,8:34,CLOUDY,A,A4,HIGH,1.0,4,0.71,22.3
777,5,MORNING,8:43,CLOUDY,B,B1,LOW,5.0,4,0.84,24.0
778,5,MORNING,8:38,CLOUDY,B,B1,HIGH,5.0,4,0.71,23.5
779,5,MORNING,8:36,CLOUDY,B,B2,LOW,5.0,4,0.76,23.9
780,5,MORNING,8:41,CLOUDY,B,B2,HIGH,3.0,4,0.63,24.7
781,5,MORNING,8:47,CLOUDY,B,B3,LOW,5.0,4,0.74,24.4
782,5,MORNING,8:38,CLOUDY,B,B3,HIGH,5.0,4,0.69,24.5
783,5,MORNING,8:42,CLOUDY,B,B4,LOW,4.0,4,0.72,24.9
784,5,MORNING,8:43,CLOUDY,B,B4,HIGH,5.0,4,0.73,25.8
785,5,MORNING,8:40,CLOUDY,C,C1,LOW,2.0,1,0.62,23.3
786,5,MORNING,8:49,CLOUDY,C,C1,HIGH,4.0,1,0.79,23.1
787,5,MORNING,8:52,CLOUDY,C,C2,LOW,3.0,1,0.69,24.7
788,5,MORNING,8:44,CLOUDY,C,C2,HIGH,4.0,1,0.71,24.6
789,5,MORNING,8:46,CLOUDY,C,C3,LOW,3.0,1,0.74,23.4
790,5,MORNING,8:52,CLOUDY,C,C3,HIGH,3.0,1,0.72,23.8
791,5,MORNING,8:48,CLOUDY,C,C4,LOW,4.0,1,0.82,23.6
792,5,MORNING,8:55,CLOUDY,C,C4,HIGH,2.0,1,0.76,23.2
793,5,MORNING,8:55,CLOUDY,D,D1,LOW,6.0,1,0.77,23.7
794,5,MORNING,8:51,CLOUDY,D,D1,HIGH,6.0,1,0.71,23.4
795,5,MORNING,8:53,CLOUDY,D,D2,LOW,5.0,1,0.62,24.4
796,5,MORNING,8:51,CLOUDY,D,D2,HIGH,6.0,1,0.62,23.4
797,5,MORNING,8:58,CLOUDY,D,D3,LOW,6.0,1,0.76,24.6
798,5,MORNING,8:50,CLOUDY,D,D3,HIGH,6.0,1,0.64,24.0
799,5,MORNING,8:57,CLOUDY,D,D4,LOW,5.0,1,0.69,24.6
800,5,MORNING,8:55,CLOUDY,D,D4,HIGH,7.0,1,0.7,23.9
801,5,MORNING,8:54,CLOUDY,E,E1,LOW,4.0,1,0.76,23.6
802,5,MORNING,9:03,CLOUDY,E,E1,HIGH,2.0,1,0.8,24.1
803,5,MORNING,9:01,CLOUDY,E,E2,LOW,3.0,1,0.82,23.6
804,5,MORNING,8:55,CLOUDY,E,E2,HIGH,2.0,1,0.66,24.1
805,5,MORNING,9:04,CLOUDY,E,E3,LOW,4.0,1,0.62,22.8
806,5,MORNING,9:00,CLOUDY,E,E3,HIGH,4.0,1,0.7,23.1
807,5,MORNING,9:05,CLOUDY,E,E4,LOW,2.0,1,0.68,24.9
808,5,MORNING,9:00,CLOUDY,E,E4,HIGH,4.0,1,0.7,24.7
809,5,MORNING,9:04,CLOUDY,F,F1,LOW,6.0,1,0.75,23.4
810,5,MORNING,8:59,CLOUDY,F,F1,HIGH,6.0,1,0.62,23.1
811,5,MORNING,9:00,CLOUDY,F,F2,LOW,6.0,1,0.76,23.1
812,5,MORNING,8:58,CLOUDY,F,F2,HIGH,6.0,1,0.75,24.4
813,5,MORNING,9:00,CLOUDY,F,F3,LOW,8.0,1,0.66,23.3
814,5,MORNING,9:00,CLOUDY,F,F3,HIGH,7.0,1,0.7,23.6
815,5,MORNING,9:03,CLOUDY,F,F4,LOW,6.0,1,0.58,24.6
816,5,MORNING,9:07,CLOUDY,F,F4,HIGH,4.0,1,0.79,23.3
817,5,MORNING,9:10,CLOUDY,G,G1,LOW,6.0,4,0.73,24.7
818,5,MORNING,9:02,CLOUDY,G,G1,HIGH,5.0,4,0.81,24.9
819,5,MORNING,9:04,CLOUDY,G,G2,LOW,6.0,4,0.7,23.9
820,5,MORNING,9:01,CLOUDY,G,G2,HIGH,4.0,4,0.66,24.2
821,5,MORNING,9:11,CLOUDY,G,G3,LOW,4.0,4,0.64,24.9
822,5,MORNING,9:07,CLOUDY,G,G3,HIGH,4.0,4,0.75,25.3
823,5,MORNING,9:06,CLOUDY,G,G4,LOW,4.0,4,0.7,25.6
824,5,MORNING,9:12,CLOUDY,G,G4,HIGH,5.0,4,0.68,23.1
825,5,MORNING,9:06,CLOUDY,H,H1,LOW,5.0,4,0.6,25.0
826,5,MORNING,9:09,CLOUDY,H,H1,HIGH,6.0,4,0.73,23.4
827,5,MORNING,9:13,CLOUDY,H,H2,LOW,6.0,4,0.7,24.5
828,5,MORNING,9:05,CLOUDY,H,H2,HIGH,6.0,4,0.71,24.8
829,5,MORNING,9:07,CLOUDY,H,H3,LOW,6.0,4,0.76,25.2
830,5,MORNING,9:08,CLOUDY,H,H3,HIGH,6.0,4,0.77,23.8
831,5,MORNING,9:13,CLOUDY,H,H4,LOW,6.0,4,0.63,23.3
832,5,MORNING,9:09,CLOUDY,H,H4,HIGH,4.0,4,0.75,24.6
833,5,AFTERNOON,2:40,SUNNY,A,A1,LOW,4.0,4,0.71,34.7
834,5,AFTERNOON,3:01,SUNNY,A,A1,HIGH,5.0,4,0.68,32.7
835,5,AFTERNOON,2:46,SUNNY,A,A2,LOW,5.0,4,0.65,34.8
836,5,AFTERNOON,3:04,SUNNY,A,A2,HIGH,5.0,4,0.6,35.1
837,5,AFTERNOON,2:48,SUNNY,A,A3,LOW,4.0,4,0.64,35.1
838,5,AFTERNOON,3:07,SUNNY,A,A3,HIGH,6.0,4,0.57,35.0
839,5,AFTERNOON,2:50,SUNNY,A,A4,LOW,6.0,4,0.58,34.0
840,5,AFTERNOON,3:03,SUNNY,A,A4,HIGH,5.0,4,0.66,35.2
841,5,AFTERNOON,2:42,SUNNY,B,B1,LOW,4.0,4,0.61,34.9
842,5,AFTERNOON,2:59,SUNNY,B,B1,HIGH,4.0,4,0.64,34.0
843,5,AFTERNOON,2:43,SUNNY,B,B2,LOW,5.0,4,0.59,32.9
844,5,AFTERNOON,2:59,SUNNY,B,B2,HIGH,6.0,4,0.49,32.9
845,5,AFTERNOON,2:51,SUNNY,B,B3,LOW,5.0,4,0.66,34.4
846,5,AFTERNOON,2:59,SUNNY,B,B3,HIGH,4.0,4,0.53,31.9
847,5,AFTERNOON,2:53,SUNNY,B,B4,LOW,5.0,4,0.66,32.7
848,5,AFTERNOON,3:01,SUNNY,B,B4,HIGH,5.0,4,0.59,35.9
849,5,AFTERNOON,2:46,SUNNY,C,C1,LOW,3.0,1,0.66,32.5
850,5,AFTERNOON,3:03,SUNNY,C,C1,HIGH,2.0,1,0.56,36.1
851,5,AFTERNOON,2:47,SUNNY,C,C2,LOW,2.0,1,0.61,34.6
852,5,AFTERNOON,3:05,SUNNY,C,C2,HIGH,4.0,1,0.52,33.4
853,5,AFTERNOON,2:49,SUNNY,C,C3,LOW,4.0,1,0.61,34.0
854,5,AFTERNOON,3:06,SUNNY,C,C3,HIGH,3.0,1,0.63,35.4
855,5,AFTERNOON,2:53,SUNNY,C,C4,LOW,2.0,1,0.63,33.7
856,5,AFTERNOON,3:11,SUNNY,C,C4,HIGH,2.0,1,0.49,32.8
857,5,AFTERNOON,2:55,SUNNY,D,D1,LOW,3.0,1,0.68,33.0
858,5,AFTERNOON,3:01,SUNNY,D,D1,HIGH,2.0,1,0.49,32.2
859,5,AFTERNOON,2:51,SUNNY,D,D2,LOW,4.0,1,0.61,33.1
860,5,AFTERNOON,3:08,SUNNY,D,D2,HIGH,2.0,1,0.63,32.0
861,5,AFTERNOON,2:55,SUNNY,D,D3,LOW,4.0,1,0.69,35.9
862,5,AFTERNOON,3:01,SUNNY,D,D3,HIGH,4.0,1,0.62,34.3
863,5,AFTERNOON,2:57,SUNNY,D,D4,LOW,2.0,1,0.69,33.4
864,5,AFTERNOON,3:06,SUNNY,D,D4,HIGH,3.0,1,0.55,32.5
865,5,AFTERNOON,2:52,SUNNY,E,E1,LOW,2.0,1,0.56,33.9
866,5,AFTERNOON,3:03,SUNNY,E,E1,HIGH,2.0,1,0.62,33.5
867,5,AFTERNOON,2:49,SUNNY,E,E2,LOW,2.0,1,0.62,37.2
868,5,AFTERNOON,3:08,SUNNY,E,E2,HIGH,3.0,1,0.63,32.4
869,5,AFTERNOON,2:53,SUNNY,E,E3,LOW,2.0,1,0.62,32.6
870,5,AFTERNOON,3:04,SUNNY,E,E3,HIGH,4.0,1,0.61,31.9
871,5,AFTERNOON,2:54,SUNNY,E,E4,LOW,3.0,1,0.61,33.8
872,5,AFTERNOON,3:17,SUNNY,E,E4,HIGH,4.0,1,0.61,34.8
873,5,AFTERNOON,2:54,SUNNY,F,F1,LOW,3.0,1,0.53,34.2
874,5,AFTERNOON,3:11,SUNNY,F,F1,HIGH,3.0,1,0.56,33.7
875,5,AFTERNOON,2:49,SUNNY,F,F2,LOW,3.0,1,0.65,34.1
876,5,AFTERNOON,3:03,SUNNY,F,F2,HIGH,2.0,1,0.58,35.8
877,5,AFTERNOON,2:57,SUNNY,F,F3,LOW,2.0,1,0.63,33.9
878,5,AFTERNOON,3:12,SUNNY,F,F3,HIGH,3.0,1,0.55,36.3
879,5,AFTERNOON,2:52,SUNNY,F,F4,LOW,3.0,1,0.61,35.6
880,5,AFTERNOON,3:11,SUNNY,F,F4,HIGH,4.0,1,0.49,32.0
881,5,AFTERNOON,2:54,SUNNY,G,G1,LOW,4.0,4,0.51,32.9
882,5,AFTERNOON,3:15,SUNNY,G,G1,HIGH,3.0,4,0.52,35.1
883,5,AFTERNOON,3:00,SUNNY,G,G2,LOW,4.0,4,0.69,36.8
884,5,AFTERNOON,3:07,SUNNY,G,G2,HIGH,3.0,4,0.59,35.0
885,5,AFTERNOON,3:00,SUNNY,G,G3,LOW,3.0,4,0.53,32.8
886,5,AFTERNOON,3:08,SUNNY,G,G3,HIGH,3.0,4,0.52,32.8
887,5,AFTERNOON,3:01,SUNNY,G,G4,LOW,4.0,4,0.61,34.0
888,5,AFTERNOON,3:13,SUNNY,G,G4,HIGH,3.0,4,0.66,34.6
889,5,AFTERNOON,3:01,SUNNY,H,H1,LOW,5.0,4,0.67,34.5
890,5,AFTERNOON,3:02,SUNNY,H,H1,HIGH,5.0,4,0.61,36.2
891,5,AFTERNOON,3:00,SUNNY,H,H2,LOW,4.0,4,0.58,35.3
892,5,AFTERNOON,3:05,SUNNY,H,H2,HIGH,5.0,4,0.56,34.6
893,5,AFTERNOON,2:54,SUNNY,H,H3,LOW,5.0,4,0.63,32.5
894,5,AFTERNOON,3:06,SUNNY,H,H3,HIGH,3.0,4,0.55,34.6
895,5,AFTERNOON,2:57,SUNNY,H,H4,LOW,3.0,4,0.6,34.9
896,5,AFTERNOON,3:03,SUNNY,H,H4,HIGH,4.0,4,0.5,37.1
897,5,EVENING,5:00,SUNNY,A,A1,LOW,2.0,4,0.54,30.4
898,5,EVENING,5:07,SUNNY,A,A1,HIGH,2.0,4,0.61,30.4
899,5,EVENING,4:58,RAINY,A,A2,LOW,3.0,4,0.58,30.8
900,5,EVENING,4:56,RAINY,A,A2,HIGH,3.0,4,0.53,30.8
901,5,EVENING,5:02,RAINY,A,A3,LOW,3.0,4,0.51,29.9
902,5,EVENING,4:58,RAINY,A,A3,HIGH,2.0,4,0.61,30.0
903,5,EVENING,4:58,RAINY,A,A4,LOW,2.0,4,0.53,30.6
904,5,EVENING,5:04,RAINY,A,A4,HIGH,2.0,4,0.55,30.3
905,5,EVENING,4:54,RAINY,B,B1,LOW,2.0,4,0.6,28.6
906,5,EVENING,4:51,RAINY,B,B1,HIGH,3.0,4,0.52,30.0
907,5,EVENING,4:57,RAINY,B,B2,LOW,4.0,4,0.5,31.3
908,5,EVENING,4:55,RAINY,B,B2,HIGH,4.0,4,0.59,29.9
909,5,EVENING,4:54,RAINY,B,B3,LOW,4.0,4,0.59,29.7
910,5,EVENING,4:56,RAINY,B,B3,HIGH,4.0,4,0.55,28.5
911,5,EVENING,4:45,RAINY,B,B4,LOW,4.0,4,0.55,31.1
912,5,EVENING,4:50,RAINY,B,B4,HIGH,3.0,4,0.5,31.3
913,5,EVENING,5:07,RAINY,C,C1,LOW,3.0,1,0.49,30.6
914,5,EVENING,5:06,RAINY,C,C1,HIGH,2.0,1,0.62,30.1
915,5,EVENING,4:58,RAINY,C,C2,LOW,1.0,1,0.51,28.5
916,5,EVENING,5:02,RAINY,C,C2,HIGH,1.0,1,0.56,30.6
917,5,EVENING,4:59,RAINY,C,C3,LOW,1.0,1,0.65,29.7
918,5,EVENING,4:55,RAINY,C,C3,HIGH,1.0,1,0.47,29.6
919,5,EVENING,5:00,RAINY,C,C4,LOW,2.0,1,0.47,31.6
920,5,EVENING,5:00,RAINY,C,C4,HIGH,2.0,1,0.56,30.7
921,5,EVENING,4:49,RAINY,D,D1,LOW,2.0,1,0.48,30.7
922,5,EVENING,4:49,RAINY,D,D1,HIGH,1.0,1,0.55,31.7
923,5,EVENING,4:57,RAINY,D,D2,LOW,3.0,1,0.59,29.5
924,5,EVENING,4:59,RAINY,D,D2,HIGH,3.0,1,0.63,29.5
925,5,EVENING,4:57,RAINY,D,D3,LOW,2.0,1,0.55,31.0
926,5,EVENING,4:59,RAINY,D,D3,HIGH,1.0,1,0.6,28.4
927,5,EVENING,4:54,RAINY,D,D4,LOW,3.0,1,0.39,30.2
928,5,EVENING,4:53,RAINY,D,D4,HIGH,3.0,1,0.49,31.0
929,5,EVENING,5:01,RAINY,E,E1,LOW,1.0,1,0.59,31.2
930,5,EVENING,5:02,RAINY,E,E1,HIGH,2.0,1,0.55,31.1
931,5,EVENING,4:58,RAINY,E,E2,LOW,3.0,1,0.53,30.7
932,5,EVENING,4:56,RAINY,E,E2,HIGH,2.0,1,0.68,30.9
933,5,EVENING,4:56,RAINY,E,E3,LOW,2.0,1,0.49,29.0
934,5,EVENING,4:54,RAINY,E,E3,HIGH,3.0,1,0.51,29.0
935,5,EVENING,5:03,RAINY,E,E4,LOW,3.0,1,0.48,31.8
936,5,EVENING,5:07,RAINY,E,E4,HIGH,2.0,1,0.48,28.8
937,5,EVENING,4:54,RAINY,F,F1,LOW,3.0,1,0.49,29.6
938,5,EVENING,4:56,RAINY,F,F1,HIGH,3.0,1,0.48,31.4
939,5,EVENING,4:55,RAINY,F,F2,LOW,1.0,1,0.48,28.2
940,5,EVENING,5:01,RAINY,F,F2,HIGH,2.0,1,0.47,30.1
941,5,EVENING,5:00,RAINY,F,F3,LOW,2.0,1,0.56,28.5
942,5,EVENING,4:54,RAINY,F,F3,HIGH,3.0,1,0.59,30.8
943,5,EVENING,4:51,RAINY,F,F4,LOW,1.0,1,1.0,33.1
944,5,EVENING,4:51,RAINY,F,F4,HIGH,1.0,1,0.64,31.0
945,5,EVENING,5:11,RAINY,G,G1,LOW,3.0,4,0.54,30.5
946,5,EVENING,5:07,RAINY,G,G1,HIGH,2.0,4,0.51,30.7
947,5,EVENING,5:01,RAINY,G,G2,LOW,2.0,4,0.5,28.9
948,5,EVENING,4:56,RAINY,G,G2,HIGH,2.0,4,0.56,30.8
949,5,EVENING,4:55,RAINY,G,G3,LOW,2.0,4,0.51,28.0
950,5,EVENING,4:53,RAINY,G,G3,HIGH,3.0,4,0.55,29.7
951,5,EVENING,5:01,RAINY,G,G4,LOW,3.0,4,0.54,32.9
952,5,EVENING,5:07,RAINY,G,G4,HIGH,2.0,4,0.68,31.9
953,5,EVENING,4:50,RAINY,H,H1,LOW,1.0,4,0.52,28.1
954,5,EVENING,4:55,RAINY,H,H1,HIGH,1.0,4,0.6,30.2
955,5,EVENING,4:54,RAINY,H,H2,LOW,3.0,4,0.58,29.4
956,5,EVENING,4:59,RAINY,H,H2,HIGH,1.0,4,0.53,29.5
957,5,EVENING,4:55,RAINY,H,H3,LOW,3.0,4,0.45,30.7
958,5,EVENING,4:57,RAINY,H,H3,HIGH,1.0,4,0.45,30.4
959,5,EVENING,4:58,RAINY,H,H4,LOW,1.0,4,0.59,28.5
960,5,EVENING,4:48,RAINY,H,H4,HIGH,1.0,4,0.5,31.5
961,6,MORNING,8:35,CLOUDY,A,A1,LOW,3.0,4,0.71,23.8
962,6,MORNING,8:38,CLOUDY,A,A1,HIGH,3.0,4,0.73,24.2
963,6,MORNING,8:37,CLOUDY,A,A2,LOW,1.0,4,0.77,24.9
964,6,MORNING,8:38,CLOUDY,A,A2,HIGH,2.0,4,0.74,24.5
965,6,MORNING,8:39,CLOUDY,A,A3,LOW,1.0,4,0.72,23.9
966,6,MORNING,8:41,CLOUDY,A,A3,HIGH,1.0,4,0.69,23.8
967,6,MORNING,8:43,CLOUDY,A,A4,LOW,1.0,4,0.72,23.2
968,6,MORNING,8:42,CLOUDY,A,A4,HIGH,1.0,4,0.72,23.0
969,6,MORNING,8:35,CLOUDY,B,B1,LOW,5.0,4,0.7,24.0
970,6,MORNING,8:38,CLOUDY,B,B1,HIGH,4.0,4,0.82,24.1
971,6,MORNING,8:37,CLOUDY,B,B2,LOW,4.0,4,0.68,24.3
972,6,MORNING,8:43,CLOUDY,B,B2,HIGH,5.0,4,0.7,23.4
973,6,MORNING,8:41,CLOUDY,B,B3,LOW,5.0,4,0.77,25.0
974,6,MORNING,8:42,CLOUDY,B,B3,HIGH,4.0,4,0.66,25.2
975,6,MORNING,8:49,CLOUDY,B,B4,LOW,4.0,4,0.79,23.6
976,6,MORNING,8:44,CLOUDY,B,B4,HIGH,3.0,4,0.59,24.1
977,6,MORNING,8:41,CLOUDY,C,C1,LOW,2.0,1,0.81,23.2
978,6,MORNING,8:51,CLOUDY,C,C1,HIGH,3.0,1,0.73,25.0
979,6,MORNING,8:51,CLOUDY,C,C2,LOW,2.0,1,0.67,24.0
980,6,MORNING,8:46,CLOUDY,C,C2,HIGH,4.0,1,0.68,22.7
981,6,MORNING,8:44,CLOUDY,C,C3,LOW,3.0,1,0.8,23.7
982,6,MORNING,8:54,CLOUDY,C,C3,HIGH,3.0,1,0.72,23.9
983,6,MORNING,8:48,CLOUDY,C,C4,LOW,4.0,1,0.7,24.2
984,6,MORNING,8:56,CLOUDY,C,C4,HIGH,2.0,1,0.76,22.8
985,6,MORNING,8:55,CLOUDY,D,D1,LOW,5.0,1,0.67,24.5
986,6,MORNING,8:54,CLOUDY,D,D1,HIGH,4.0,1,0.66,22.5
987,6,MORNING,8:57,CLOUDY,D,D2,LOW,4.0,1,0.66,24.2
988,6,MORNING,8:55,CLOUDY,D,D2,HIGH,5.0,1,0.7,24.7
989,6,MORNING,8:52,CLOUDY,D,D3,LOW,6.0,1,0.73,23.4
990,6,MORNING,8:52,CLOUDY,D,D3,HIGH,5.0,1,0.62,24.1
991,6,MORNING,9:01,CLOUDY,D,D4,LOW,6.0,1,0.76,23.4
992,6,MORNING,8:52,CLOUDY,D,D4,HIGH,5.0,1,0.73,23.5
993,6,MORNING,8:58,CLOUDY,E,E1,LOW,2.0,1,0.68,25.1
994,6,MORNING,9:02,CLOUDY,E,E1,HIGH,4.0,1,0.79,24.3
995,6,MORNING,9:01,CLOUDY,E,E2,LOW,3.0,1,0.76,24.1
996,6,MORNING,8:55,CLOUDY,E,E2,HIGH,3.0,1,0.79,24.0
997,6,MORNING,9:04,CLOUDY,E,E3,LOW,2.0,1,0.73,22.9
998,6,MORNING,9:01,CLOUDY,E,E3,HIGH,2.0,1,0.68,24.0
999,6,MORNING,8:56,CLOUDY,E,E4,LOW,4.0,1,0.74,23.9
1000,6,MORNING,9:00,CLOUDY,E,E4,HIGH,2.0,1,0.73,24.3
1001,6,MORNING,8:59,CLOUDY,F,F1,LOW,8.0,1,0.72,23.5
1002,6,MORNING,8:59,CLOUDY,F,F1,HIGH,8.0,1,0.85,25.0
1003,6,MORNING,9:01,CLOUDY,F,F2,LOW,6.0,1,0.8,23.6
1004,6,MORNING,9:05,CLOUDY,F,F2,HIGH,6.0,1,0.75,23.8
1005,6,MORNING,9:02,CLOUDY,F,F3,LOW,7.0,1,0.71,22.2
1006,6,MORNING,9:04,CLOUDY,F,F3,HIGH,6.0,1,0.74,23.8
1007,6,MORNING,9:04,CLOUDY,F,F4,LOW,6.0,1,0.66,24.8
1008,6,MORNING,9:08,CLOUDY,F,F4,HIGH,5.0,1,0.7,24.2
1009,6,MORNING,9:06,CLOUDY,G,G1,LOW,6.0,4,0.68,24.0
1010,6,MORNING,9:09,CLOUDY,G,G1,HIGH,4.0,4,0.59,23.1
1011,6,MORNING,9:03,CLOUDY,G,G2,LOW,6.0,4,0.58,23.7
1012,6,MORNING,9:07,CLOUDY,G,G2,HIGH,4.0,4,0.79,24.7
1013,6,MORNING,9:02,CLOUDY,G,G3,LOW,5.0,4,0.71,24.3
1014,6,MORNING,9:11,CLOUDY,G,G3,HIGH,6.0,4,0.72,23.8
1015,6,MORNING,9:10,CLOUDY,G,G4,LOW,5.0,4,0.65,24.5
1016,6,MORNING,9:09,CLOUDY,G,G4,HIGH,6.0,4,0.62,23.5
1017,6,MORNING,9:10,CLOUDY,H,H1,LOW,6.0,4,0.59,25.1
1018,6,MORNING,9:04,CLOUDY,H,H1,HIGH,6.0,4,0.66,25.4
1019,6,MORNING,9:12,CLOUDY,H,H2,LOW,4.0,4,0.68,23.2
1020,6,MORNING,9:10,CLOUDY,H,H2,HIGH,4.0,4,0.75,25.8
1021,6,MORNING,9:05,CLOUDY,H,H3,LOW,4.0,4,0.72,23.4
1022,6,MORNING,9:13,CLOUDY,H,H3,HIGH,5.0,4,0.66,24.0
1023,6,MORNING,9:15,CLOUDY,H,H4,LOW,4.0,4,0.74,24.6
1024,6,MORNING,9:11,CLOUDY,H,H4,HIGH,4.0,4,0.74,25.1
1025,6,AFTERNOON,2:45,SUNNY,A,A1,LOW,4.0,4,0.55,36.6
1026,6,AFTERNOON,3:01,SUNNY,A,A1,HIGH,6.0,4,0.57,35.3
1027,6,AFTERNOON,2:46,SUNNY,A,A2,LOW,5.0,4,0.61,36.6
1028,6,AFTERNOON,2:58,SUNNY,A,A2,HIGH,4.0,4,0.59,34.5
1029,6,AFTERNOON,2:46,SUNNY,A,A3,LOW,6.0,4,0.61,31.3
1030,6,AFTERNOON,3:01,SUNNY,A,A3,HIGH,6.0,4,0.51,33.9
1031,6,AFTERNOON,2:51,SUNNY,A,A4,LOW,5.0,4,0.62,34.1
1032,6,AFTERNOON,3:07,SUNNY,A,A4,HIGH,5.0,4,0.48,33.9
1033,6,AFTERNOON,2:48,SUNNY,B,B1,LOW,6.0,4,0.62,33.2
1034,6,AFTERNOON,2:59,SUNNY,B,B1,HIGH,5.0,4,0.58,34.0
1035,6,AFTERNOON,2:41,SUNNY,B,B2,LOW,4.0,4,0.51,34.9
1036,6,AFTERNOON,3:00,SUNNY,B,B2,HIGH,6.0,4,0.51,31.8
1037,6,AFTERNOON,2:54,SUNNY,B,B3,LOW,6.0,4,0.57,30.7
1038,6,AFTERNOON,3:02,SUNNY,B,B3,HIGH,6.0,4,0.61,35.5
1039,6,AFTERNOON,2:55,SUNNY,B,B4,LOW,5.0,4,0.66,32.3
1040,6,AFTERNOON,2:52,SUNNY,B,B4,HIGH,4.0,4,0.59,36.3
1041,6,AFTERNOON,2:51,SUNNY,C,C1,LOW,2.0,1,0.69,34.6
1042,6,AFTERNOON,3:06,SUNNY,C,C1,HIGH,3.0,1,0.58,32.6
1043,6,AFTERNOON,2:54,SUNNY,C,C2,LOW,4.0,1,0.54,36.0
1044,6,AFTERNOON,3:04,SUNNY,C,C2,HIGH,2.0,1,0.53,33.0
1045,6,AFTERNOON,2:50,SUNNY,C,C3,LOW,2.0,1,0.68,34.5
1046,6,AFTERNOON,3:05,SUNNY,C,C3,HIGH,2.0,1,0.57,34.6
1047,6,AFTERNOON,2:55,SUNNY,C,C4,LOW,2.0,1,0.56,35.4
1048,6,AFTERNOON,3:08,SUNNY,C,C4,HIGH,4.0,1,0.58,32.2
1049,6,AFTERNOON,2:46,SUNNY,D,D1,LOW,3.0,1,0.65,35.0
1050,6,AFTERNOON,3:09,SUNNY,D,D1,HIGH,4.0,1,0.68,36.1
1051,6,AFTERNOON,2:45,SUNNY,D,D2,LOW,4.0,1,0.63,35.5
1052,6,AFTERNOON,2:59,SUNNY,D,D2,HIGH,3.0,1,0.5,35.3
1053,6,AFTERNOON,2:53,SUNNY,D,D3,LOW,4.0,1,0.57,35.7
1054,6,AFTERNOON,3:05,SUNNY,D,D3,HIGH,3.0,1,0.66,32.1
1055,6,AFTERNOON,2:55,SUNNY,D,D4,LOW,3.0,1,0.57,36.0
1056,6,AFTERNOON,3:08,SUNNY,D,D4,HIGH,3.0,1,0.58,35.0
1057,6,AFTERNOON,2:49,SUNNY,E,E1,LOW,2.0,1,0.59,33.9
1058,6,AFTERNOON,3:06,SUNNY,E,E1,HIGH,3.0,1,0.61,33.7
1059,6,AFTERNOON,2:52,SUNNY,E,E2,LOW,3.0,1,0.58,35.7
1060,6,AFTERNOON,3:08,SUNNY,E,E2,HIGH,3.0,1,0.58,35.1
1061,6,AFTERNOON,2:58,SUNNY,E,E3,LOW,2.0,1,0.62,34.5
1062,6,AFTERNOON,3:13,SUNNY,E,E3,HIGH,2.0,1,0.52,34.2
1063,6,AFTERNOON,3:00,SUNNY,E,E4,LOW,4.0,1,0.72,32.2
1064,6,AFTERNOON,3:07,SUNNY,E,E4,HIGH,4.0,1,0.56,33.8
1065,6,AFTERNOON,2:51,SUNNY,F,F1,LOW,3.0,1,0.49,35.0
1066,6,AFTERNOON,3:06,SUNNY,F,F1,HIGH,4.0,1,0.56,34.7
1067,6,AFTERNOON,2:51,SUNNY,F,F2,LOW,4.0,1,0.66,35.6
1068,6,AFTERNOON,3:03,SUNNY,F,F2,HIGH,4.0,1,0.67,34.5
1069,6,AFTERNOON,3:01,SUNNY,F,F3,LOW,4.0,1,0.61,34.0
1070,6,AFTERNOON,3:05,SUNNY,F,F3,HIGH,4.0,1,0.52,34.6
1071,6,AFTERNOON,3:00,SUNNY,F,F4,LOW,4.0,1,0.58,35.4
1072,6,AFTERNOON,3:03,SUNNY,F,F4,HIGH,4.0,1,0.65,36.0
1073,6,AFTERNOON,2:54,SUNNY,G,G1,LOW,5.0,4,0.58,29.6
1074,6,AFTERNOON,3:12,SUNNY,G,G1,HIGH,3.0,4,0.6,33.9
1075,6,AFTERNOON,3:02,SUNNY,G,G2,LOW,5.0,4,0.58,35.6
1076,6,AFTERNOON,3:08,SUNNY,G,G2,HIGH,4.0,4,0.53,34.2
1077,6,AFTERNOON,3:03,SUNNY,G,G3,LOW,5.0,4,0.69,34.5
1078,6,AFTERNOON,3:12,SUNNY,G,G3,HIGH,3.0,4,0.59,32.7
1079,6,AFTERNOON,3:00,SUNNY,G,G4,LOW,4.0,4,0.65,34.7
1080,6,AFTERNOON,3:08,SUNNY,G,G4,HIGH,4.0,4,0.58,36.0
1081,6,AFTERNOON,3:01,SUNNY,H,H1,LOW,5.0,4,0.62,34.7
1082,6,AFTERNOON,3:07,SUNNY,H,H1,HIGH,5.0,4,0.59,34.2
1083,6,AFTERNOON,2:53,SUNNY,H,H2,LOW,3.0,4,0.62,35.6
1084,6,AFTERNOON,3:08,SUNNY,H,H2,HIGH,4.0,4,0.54,34.4
1085,6,AFTERNOON,3:01,SUNNY,H,H3,LOW,4.0,4,0.59,34.3
1086,6,AFTERNOON,3:15,SUNNY,H,H3,HIGH,4.0,4,0.57,35.1
1087,6,AFTERNOON,2:58,SUNNY,H,H4,LOW,4.0,4,0.52,34.9
1088,6,AFTERNOON,3:12,SUNNY,H,H4,HIGH,5.0,4,0.49,36.2
1089,6,EVENING,5:01,CLOUDY,A,A1,LOW,4.0,4,0.53,27.7
1090,6,EVENING,5:02,CLOUDY,A,A1,HIGH,3.0,4,0.62,29.3
1091,6,EVENING,5:02,CLOUDY,A,A2,LOW,4.0,4,0.51,27.8
1092,6,EVENING,5:01,CLOUDY,A,A2,HIGH,2.0,4,0.6,28.3
1093,6,EVENING,4:55,CLOUDY,A,A3,LOW,3.0,4,0.51,27.9
1094,6,EVENING,5:02,CLOUDY,A,A3,HIGH,3.0,4,0.53,28.0
1095,6,EVENING,5:05,CLOUDY,A,A4,LOW,3.0,4,0.54,27.4
1096,6,EVENING,5:02,CLOUDY,A,A4,HIGH,4.0,4,0.53,27.6
1097,6,EVENING,4:51,CLOUDY,B,B1,LOW,2.0,4,0.48,27.7
1098,6,EVENING,4:51,CLOUDY,B,B1,HIGH,2.0,4,0.44,27.2
1099,6,EVENING,4:57,CLOUDY,B,B2,LOW,2.0,4,0.58,29.2
1100,6,EVENING,4:59,CLOUDY,B,B2,HIGH,3.0,4,0.52,28.8
1101,6,EVENING,5:00,CLOUDY,B,B3,LOW,4.0,4,0.53,28.8
1102,6,EVENING,5:02,CLOUDY,B,B3,HIGH,2.0,4,0.51,28.8
1103,6,EVENING,4:46,CLOUDY,B,B4,LOW,2.0,4,0.5,27.1
1104,6,EVENING,4:47,CLOUDY,B,B4,HIGH,4.0,4,0.54,27.2
1105,6,EVENING,5:06,CLOUDY,C,C1,LOW,2.0,1,0.55,26.9
1106,6,EVENING,5:07,CLOUDY,C,C1,HIGH,3.0,1,0.64,28.5
1107,6,EVENING,4:59,CLOUDY,C,C2,LOW,1.0,1,0.53,28.8
1108,6,EVENING,4:59,CLOUDY,C,C2,HIGH,3.0,1,0.64,27.8
1109,6,EVENING,4:58,CLOUDY,C,C3,LOW,1.0,1,0.63,28.1
1110,6,EVENING,5:01,CLOUDY,C,C3,HIGH,2.0,1,0.5,28.5
1111,6,EVENING,5:06,CLOUDY,C,C4,LOW,1.0,1,0.52,28.8
1112,6,EVENING,5:05,CLOUDY,C,C4,HIGH,1.0,1,0.49,27.4
1113,6,EVENING,4:50,CLOUDY,D,D1,LOW,2.0,1,0.54,28.7
1114,6,EVENING,4:51,CLOUDY,D,D1,HIGH,3.0,1,0.47,28.2
1115,6,EVENING,4:55,CLOUDY,D,D2,LOW,2.0,1,0.5,27.8
1116,6,EVENING,4:53,CLOUDY,D,D2,HIGH,3.0,1,0.58,28.4
1117,6,EVENING,4:54,CLOUDY,D,D3,LOW,1.0,1,0.66,29.8
1118,6,EVENING,4:57,CLOUDY,D,D3,HIGH,1.0,1,0.63,29.3
1119,6,EVENING,4:46,CLOUDY,D,D4,LOW,1.0,1,0.48,27.3
1120,6,EVENING,4:46,CLOUDY,D,D4,HIGH,3.0,1,0.48,27.3
1121,6,EVENING,5:07,CLOUDY,E,E1,LOW,2.0,1,0.6,28.1
1122,6,EVENING,5:10,CLOUDY,E,E1,HIGH,1.0,1,0.43,26.3
1123,6,EVENING,4:59,CLOUDY,E,E2,LOW,1.0,1,0.54,27.0
1124,6,EVENING,4:53,CLOUDY,E,E2,HIGH,3.0,1,0.53,29.1
1125,6,EVENING,4:52,CLOUDY,E,E3,LOW,1.0,1,0.59,28.6
1126,6,EVENING,4:57,CLOUDY,E,E3,HIGH,1.0,1,0.66,28.2
1127,6,EVENING,5:09,CLOUDY,E,E4,LOW,2.0,1,0.51,28.3
1128,6,EVENING,5:04,CLOUDY,E,E4,HIGH,2.0,1,0.43,29.4
1129,6,EVENING,4:51,CLOUDY,F,F1,LOW,3.0,1,0.44,27.8
1130,6,EVENING,4:46,CLOUDY,F,F1,HIGH,1.0,1,0.52,27.3
1131,6,EVENING,4:58,CLOUDY,F,F2,LOW,3.0,1,0.52,27.1
1132,6,EVENING,4:59,CLOUDY,F,F2,HIGH,2.0,1,0.63,27.5
1133,6,EVENING,5:01,CLOUDY,F,F3,LOW,3.0,1,0.49,28.6
1134,6,EVENING,4:55,CLOUDY,F,F3,HIGH,1.0,1,0.47,27.2
1135,6,EVENING,4:48,CLOUDY,F,F4,LOW,2.0,1,1.0,27.6
1136,6,EVENING,4:50,CLOUDY,F,F4,HIGH,3.0,1,0.54,27.0
1137,6,EVENING,5:02,CLOUDY,G,G1,LOW,4.0,4,0.54,27.7
1138,6,EVENING,5:11,CLOUDY,G,G1,HIGH,2.0,4,0.48,28.4
1139,6,EVENING,4:52,CLOUDY,G,G2,LOW,3.0,4,0.49,28.8
1140,6,EVENING,5:01,CLOUDY,G,G2,HIGH,3.0,4,0.64,27.6
1141,6,EVENING,4:49,CLOUDY,G,G3,LOW,2.0,4,0.48,26.5
1142,6,EVENING,4:52,CLOUDY,G,G3,HIGH,3.0,4,0.5,27.7
1143,6,EVENING,5:08,CLOUDY,G,G4,LOW,4.0,4,0.54,28.2
1144,6,EVENING,5:09,CLOUDY,G,G4,HIGH,3.0,4,0.52,28.2
1145,6,EVENING,4:54,CLOUDY,H,H1,LOW,3.0,4,0.45,28.0
1146,6,EVENING,4:53,CLOUDY,H,H1,HIGH,2.0,4,0.6,28.6
1147,6,EVENING,4:58,CLOUDY,H,H2,LOW,2.0,4,0.5,27.3
1148,6,EVENING,4:53,CLOUDY,H,H2,HIGH,2.0,4,0.6,27.9
1149,6,EVENING,4:58,CLOUDY,H,H3,LOW,3.0,4,0.57,27.8
1150,6,EVENING,4:53,CLOUDY,H,H3,HIGH,3.0,4,0.49,27.1
1151,6,EVENING,4:48,CLOUDY,H,H4,LOW,2.0,4,0.5,27.6
1152,6,EVENING,4:57,CLOUDY,H,H4,HIGH,1.0,4,0.59,27.8
1153,7,MORNING,8:35,CLEAR,A,A1,LOW,1.0,4,0.75,27.7
1154,7,MORNING,8:35,CLEAR,A,A1,HIGH,1.0,4,0.66,25.9
1155,7,MORNING,8:34,CLEAR,A,A2,LOW,3.0,4,0.64,25.8
1156,7,MORNING,8:40,CLEAR,A,A2,HIGH,2.0,4,0.76,26.1
1157,7,MORNING,8:38,CLEAR,A,A3,LOW,3.0,4,0.8,26.8
1158,7,MORNING,8:35,CLEAR,A,A3,HIGH,2.0,4,0.72,26.1
1159,7,MORNING,8:41,CLEAR,A,A4,LOW,3.0,4,0.75,25.3
1160,7,MORNING,8:43,CLEAR,A,A4,HIGH,1.0,4,0.69,25.4
1161,7,MORNING,8:45,CLEAR,B,B1,LOW,3.0,4,0.67,26.4
1162,7,MORNING,8:46,CLEAR,B,B1,HIGH,4.0,4,0.75,28.1
1163,7,MORNING,8:42,CLEAR,B,B2,LOW,4.0,4,0.75,26.8
1164,7,MORNING,8:42,CLEAR,B,B2,HIGH,4.0,4,0.68,26.8
1165,7,MORNING,8:39,CLEAR,B,B3,LOW,5.0,4,0.62,26.1
1166,7,MORNING,8:42,CLEAR,B,B3,HIGH,5.0,4,0.66,26.2
1167,7,MORNING,8:48,CLEAR,B,B4,LOW,4.0,4,0.7,26.4
1168,7,MORNING,8:44,CLEAR,B,B4,HIGH,4.0,4,0.68,26.2
1169,7,MORNING,8:40,CLEAR,C,C1,LOW,2.0,1,0.64,26.2
1170,7,MORNING,8:46,CLEAR,C,C1,HIGH,2.0,1,0.73,25.8
1171,7,MORNING,8:45,CLEAR,C,C2,LOW,3.0,1,0.66,25.7
1172,7,MORNING,8:48,CLEAR,C,C2,HIGH,2.0,1,0.66,23.8
1173,7,MORNING,8:48,CLEAR,C,C3,LOW,4.0,1,0.73,25.2
1174,7,MORNING,8:46,CLEAR,C,C3,HIGH,3.0,1,0.71,26.4
1175,7,MORNING,8:51,CLEAR,C,C4,LOW,3.0,1,0.75,27.5
1176,7,MORNING,8:49,CLEAR,C,C4,HIGH,2.0,1,0.71,25.2
1177,7,MORNING,8:49,CLEAR,D,D1,LOW,6.0,1,0.73,26.5
1178,7,MORNING,8:48,CLEAR,D,D1,HIGH,6.0,1,0.75,24.0
1179,7,MORNING,8:57,CLEAR,D,D2,LOW,4.0,1,0.74,25.9
1180,7,MORNING,8:50,CLEAR,D,D2,HIGH,4.0,1,0.79,25.6
1181,7,MORNING,8:54,CLEAR,D,D3,LOW,5.0,1,0.59,26.3
1182,7,MORNING,8:53,CLEAR,D,D3,HIGH,6.0,1,0.68,25.5
1183,7,MORNING,8:52,CLEAR,D,D4,LOW,7.0,1,0.7,25.4
1184,7,MORNING,9:02,CLEAR,D,D4,HIGH,7.0,1,0.71,26.7
1185,7,MORNING,9:00,CLEAR,E,E1,LOW,4.0,1,0.69,25.4
1186,7,MORNING,8:54,CLEAR,E,E1,HIGH,2.0,1,0.72,27.3
1187,7,MORNING,8:55,CLEAR,E,E2,LOW,4.0,1,0.75,26.8
1188,7,MORNING,8:59,CLEAR,E,E2,HIGH,3.0,1,0.7,25.7
1189,7,MORNING,9:01,CLEAR,E,E3,LOW,3.0,1,0.74,25.5
1190,7,MORNING,9:02,CLEAR,E,E3,HIGH,3.0,1,0.6,26.1
1191,7,MORNING,8:59,CLEAR,E,E4,LOW,3.0,1,0.69,25.9
1192,7,MORNING,8:58,CLEAR,E,E4,HIGH,3.0,1,0.69,26.4
1193,7,MORNING,9:04,CLEAR,F,F1,LOW,8.0,1,0.81,24.8
1194,7,MORNING,9:01,CLEAR,F,F1,HIGH,8.0,1,0.69,26.6
1195,7,MORNING,9:03,CLEAR,F,F2,LOW,8.0,1,0.82,25.8
1196,7,MORNING,9:05,CLEAR,F,F2,HIGH,8.0,1,0.6,24.6
1197,7,MORNING,9:08,CLEAR,F,F3,LOW,6.0,1,0.7,26.9
1198,7,MORNING,9:01,CLEAR,F,F3,HIGH,8.0,1,0.65,25.7
1199,7,MORNING,9:06,CLEAR,F,F4,LOW,6.0,1,0.7,26.3
1200,7,MORNING,9:08,CLEAR,F,F4,HIGH,5.0,1,0.65,25.8
1201,7,MORNING,9:08,CLEAR,G,G1,LOW,4.0,4,0.74,27.7
1202,7,MORNING,9:02,CLEAR,G,G1,HIGH,5.0,4,0.69,25.5
1203,7,MORNING,9:01,CLEAR,G,G2,LOW,4.0,4,0.69,25.9
1204,7,MORNING,9:11,CLEAR,G,G2,HIGH,4.0,4,0.71,27.0
1205,7,MORNING,9:10,CLEAR,G,G3,LOW,4.0,4,0.71,26.0
1206,7,MORNING,9:11,CLEAR,G,G3,HIGH,6.0,4,0.85,27.3
1207,7,MORNING,9:09,CLEAR,G,G4,LOW,6.0,4,0.72,24.9
1208,7,MORNING,9:10,CLEAR,G,G4,HIGH,4.0,4,0.71,26.5
1209,7,MORNING,9:03,CLEAR,H,H1,LOW,4.0,4,0.62,26.9
1210,7,MORNING,9:10,CLEAR,H,H1,HIGH,5.0,4,0.55,25.6
1211,7,MORNING,9:05,CLEAR,H,H2,LOW,6.0,4,0.74,23.6
1212,7,MORNING,9:07,CLEAR,H,H2,HIGH,4.0,4,0.79,26.3
1213,7,MORNING,9:15,CLEAR,H,H3,LOW,6.0,4,0.73,25.8
1214,7,MORNING,9:11,CLEAR,H,H3,HIGH,6.0,4,0.65,24.2
1215,7,MORNING,9:07,CLEAR,H,H4,LOW,4.0,4,0.71,27.2
1216,7,MORNING,9:07,CLEAR,H,H4,HIGH,6.0,4,0.68,26.7
1217,7,AFTERNOON,2:40,SUNNY,A,A1,LOW,4.0,4,0.54,32.1
1218,7,AFTERNOON,3:00,SUNNY,A,A1,HIGH,4.0,4,0.6,31.9
1219,7,AFTERNOON,2:43,SUNNY,A,A2,LOW,6.0,4,0.58,34.5
1220,7,AFTERNOON,3:01,SUNNY,A,A2,HIGH,5.0,4,0.51,33.5
1221,7,AFTERNOON,2:54,SUNNY,A,A3,LOW,4.0,4,0.61,29.6
1222,7,AFTERNOON,3:02,SUNNY,A,A3,HIGH,6.0,4,0.53,32.4
1223,7,AFTERNOON,2:45,SUNNY,A,A4,LOW,4.0,4,0.73,34.2
1224,7,AFTERNOON,3:04,SUNNY,A,A4,HIGH,5.0,4,0.47,30.9
1225,7,AFTERNOON,2:42,SUNNY,B,B1,LOW,4.0,4,0.72,34.0
1226,7,AFTERNOON,3:04,SUNNY,B,B1,HIGH,4.0,4,0.49,33.2
1227,7,AFTERNOON,2:48,SUNNY,B,B2,LOW,6.0,4,0.61,32.7
1228,7,AFTERNOON,2:59,SUNNY,B,B2,HIGH,6.0,4,0.53,29.1
1229,7,AFTERNOON,2:44,SUNNY,B,B3,LOW,6.0,4,0.63,32.9
1230,7,AFTERNOON,3:00,SUNNY,B,B3,HIGH,5.0,4,0.6,34.7
1231,7,AFTERNOON,2:47,SUNNY,B,B4,LOW,5.0,4,0.66,33.9
1232,7,AFTERNOON,2:52,SUNNY,B,B4,HIGH,4.0,4,0.64,36.0
1233,7,AFTERNOON,2:47,SUNNY,C,C1,LOW,3.0,1,0.63,32.5
1234,7,AFTERNOON,3:03,SUNNY,C,C1,HIGH,3.0,1,0.54,30.8
1235,7,AFTERNOON,2:45,SUNNY,C,C2,LOW,2.0,1,0.58,34.0
1236,7,AFTERNOON,3:07,SUNNY,C,C2,HIGH,3.0,1,0.55,35.8
1237,7,AFTERNOON,2:49,SUNNY,C,C3,LOW,2.0,1,0.7,35.4
1238,7,AFTERNOON,3:06,SUNNY,C,C3,HIGH,4.0,1,0.68,34.8
1239,7,AFTERNOON,2:47,SUNNY,C,C4,LOW,2.0,1,0.63,35.9
1240,7,AFTERNOON,3:04,SUNNY,C,C4,HIGH,2.0,1,0.56,33.7
1241,7,AFTERNOON,2:49,SUNNY,D,D1,LOW,3.0,1,0.64,33.5
1242,7,AFTERNOON,3:08,SUNNY,D,D1,HIGH,3.0,1,0.6,32.9
1243,7,AFTERNOON,2:47,SUNNY,D,D2,LOW,3.0,1,0.7,34.4
1244,7,AFTERNOON,3:02,SUNNY,D,D2,HIGH,2.0,1,0.59,33.3
1245,7,AFTERNOON,2:51,SUNNY,D,D3,LOW,3.0,1,0.56,34.8
1246,7,AFTERNOON,3:11,SUNNY,D,D3,HIGH,4.0,1,0.61,34.8
1247,7,AFTERNOON,2:51,SUNNY,D,D4,LOW,3.0,1,0.55,33.9
1248,7,AFTERNOON,3:02,SUNNY,D,D4,HIGH,2.0,1,0.56,33.6
1249,7,AFTERNOON,2:46,SUNNY,E,E1,LOW,2.0,1,0.61,29.2
1250,7,AFTERNOON,3:05,SUNNY,E,E1,HIGH,2.0,1,0.57,35.2
1251,7,AFTERNOON,2:58,SUNNY,E,E2,LOW,3.0,1,0.59,36.0
1252,7,AFTERNOON,3:03,SUNNY,E,E2,HIGH,3.0,1,0.6,33.5
1253,7,AFTERNOON,2:59,SUNNY,E,E3,LOW,2.0,1,0.6,34.8
1254,7,AFTERNOON,3:11,SUNNY,E,E3,HIGH,2.0,1,0.56,32.7
1255,7,AFTERNOON,2:55,SUNNY,E,E4,LOW,3.0,1,0.52,36.3
1256,7,AFTERNOON,3:15,SUNNY,E,E4,HIGH,4.0,1,0.5,33.9
1257,7,AFTERNOON,2:59,SUNNY,F,F1,LOW,4.0,1,0.58,34.4
1258,7,AFTERNOON,3:07,SUNNY,F,F1,HIGH,3.0,1,0.45,33.4
1259,7,AFTERNOON,2:52,SUNNY,F,F2,LOW,4.0,1,0.63,31.0
1260,7,AFTERNOON,3:04,SUNNY,F,F2,HIGH,3.0,1,0.7,35.2
1261,7,AFTERNOON,2:52,SUNNY,F,F3,LOW,4.0,1,0.64,35.8
1262,7,AFTERNOON,3:06,SUNNY,F,F3,HIGH,2.0,1,0.6,33.1
1263,7,AFTERNOON,2:54,SUNNY,F,F4,LOW,3.0,1,0.63,35.6
1264,7,AFTERNOON,3:10,SUNNY,F,F4,HIGH,3.0,1,0.57,31.1
1265,7,AFTERNOON,2:55,SUNNY,G,G1,LOW,5.0,4,0.59,33.6
1266,7,AFTERNOON,3:16,SUNNY,G,G1,HIGH,4.0,4,0.56,32.5
1267,7,AFTERNOON,3:02,SUNNY,G,G2,LOW,3.0,4,0.56,34.1
1268,7,AFTERNOON,3:05,SUNNY,G,G2,HIGH,5.0,4,0.56,34.7
1269,7,AFTERNOON,2:59,SUNNY,G,G3,LOW,4.0,4,0.61,33.8
1270,7,AFTERNOON,3:16,SUNNY,G,G3,HIGH,4.0,4,0.47,34.3
1271,7,AFTERNOON,3:00,SUNNY,G,G4,LOW,4.0,4,0.68,35.6
1272,7,AFTERNOON,3:07,SUNNY,G,G4,HIGH,5.0,4,0.57,35.9
1273,7,AFTERNOON,2:56,SUNNY,H,H1,LOW,5.0,4,0.67,32.0
1274,7,AFTERNOON,3:05,SUNNY,H,H1,HIGH,3.0,4,0.62,35.1
1275,7,AFTERNOON,3:02,SUNNY,H,H2,LOW,5.0,4,0.58,33.8
1276,7,AFTERNOON,3:11,SUNNY,H,H2,HIGH,3.0,4,0.51,35.8
1277,7,AFTERNOON,2:56,SUNNY,H,H3,LOW,5.0,4,0.62,34.7
1278,7,AFTERNOON,3:15,SUNNY,H,H3,HIGH,5.0,4,0.6,30.8
1279,7,AFTERNOON,2:58,SUNNY,H,H4,LOW,4.0,4,0.6,34.1
1280,7,AFTERNOON,3:11,SUNNY,H,H4,HIGH,3.0,4,0.53,33.3
1281,7,EVENING,4:58,CLEAR,A,A1,LOW,3.0,4,0.56,31.0
1282,7,EVENING,4:58,CLEAR,A,A1,HIGH,4.0,4,0.48,31.3
1283,7,EVENING,5:01,CLEAR,A,A2,LOW,2.0,4,0.45,30.6
1284,7,EVENING,4:59,CLEAR,A,A2,HIGH,3.0,4,0.53,32.2
1285,7,EVENING,4:59,CLEAR,A,A3,LOW,2.0,4,0.55,32.5
1286,7,EVENING,4:54,CLEAR,A,A3,HIGH,2.0,4,0.56,30.8
1287,7,EVENING,5:04,CLEAR,A,A4,LOW,2.0,4,0.51,31.5
1288,7,EVENING,5:00,CLEAR,A,A4,HIGH,2.0,4,0.63,32.9
1289,7,EVENING,4:47,CLEAR,B,B1,LOW,2.0,4,0.49,31.6
1290,7,EVENING,4:47,CLEAR,B,B1,HIGH,2.0,4,0.47,31.0
1291,7,EVENING,4:57,CLEAR,B,B2,LOW,4.0,4,0.58,33.7
1292,7,EVENING,5:03,CLEAR,B,B2,HIGH,3.0,4,0.61,32.2
1293,7,EVENING,4:56,CLEAR,B,B3,LOW,2.0,4,0.57,33.5
1294,7,EVENING,4:56,CLEAR,B,B3,HIGH,3.0,4,0.56,31.2
1295,7,EVENING,4:48,CLEAR,B,B4,LOW,3.0,4,0.48,31.4
1296,7,EVENING,4:46,CLEAR,B,B4,HIGH,4.0,4,0.56,31.2
1297,7,EVENING,5:05,CLEAR,C,C1,LOW,2.0,1,0.43,31.0
1298,7,EVENING,5:03,CLEAR,C,C1,HIGH,2.0,1,0.54,34.0
1299,7,EVENING,4:57,CLEAR,C,C2,LOW,2.0,1,0.46,33.2
1300,7,EVENING,4:58,CLEAR,C,C2,HIGH,1.0,1,0.46,32.9
1301,7,EVENING,4:52,CLEAR,C,C3,LOW,3.0,1,0.51,31.9
1302,7,EVENING,4:54,CLEAR,C,C3,HIGH,3.0,1,0.55,32.8
1303,7,EVENING,5:04,CLEAR,C,C4,LOW,2.0,1,0.53,31.9
1304,7,EVENING,5:09,CLEAR,C,C4,HIGH,3.0,1,0.56,33.2
1305,7,EVENING,4:45,CLEAR,D,D1,LOW,2.0,1,0.54,33.4
1306,7,EVENING,4:51,CLEAR,D,D1,HIGH,2.0,1,0.55,33.3
1307,7,EVENING,4:59,CLEAR,D,D2,LOW,3.0,1,0.54,32.6
1308,7,EVENING,4:55,CLEAR,D,D2,HIGH,3.0,1,0.54,32.0
1309,7,EVENING,4:56,CLEAR,D,D3,LOW,1.0,1,0.61,32.6
1310,7,EVENING,5:02,CLEAR,D,D3,HIGH,2.0,1,0.45,32.7
1311,7,EVENING,4:52,CLEAR,D,D4,LOW,1.0,1,0.48,32.8
1312,7,EVENING,4:48,CLEAR,D,D4,HIGH,2.0,1,0.56,31.7
1313,7,EVENING,5:02,CLEAR,E,E1,LOW,3.0,1,0.61,31.6
1314,7,EVENING,5:03,CLEAR,E,E1,HIGH,3.0,1,0.5,32.0
1315,7,EVENING,4:58,CLEAR,E,E2,LOW,3.0,1,0.55,32.0
1316,7,EVENING,5:00,CLEAR,E,E2,HIGH,2.0,1,0.57,30.7
1317,7,EVENING,4:55,CLEAR,E,E3,LOW,1.0,1,0.58,30.3
1318,7,EVENING,4:58,CLEAR,E,E3,HIGH,1.0,1,0.46,32.1
1319,7,EVENING,5:09,CLEAR,E,E4,LOW,3.0,1,0.58,29.9
1320,7,EVENING,5:02,CLEAR,E,E4,HIGH,3.0,1,0.47,33.8
1321,7,EVENING,4:54,CLEAR,F,F1,LOW,1.0,1,0.55,32.1
1322,7,EVENING,4:52,CLEAR,F,F1,HIGH,2.0,1,0.45,32.0
1323,7,EVENING,4:54,CLEAR,F,F2,LOW,2.0,1,0.48,32.5
1324,7,EVENING,5:01,CLEAR,F,F2,HIGH,3.0,1,0.54,31.2
1325,7,EVENING,4:52,CLEAR,F,F3,LOW,3.0,1,0.59,31.4
1326,7,EVENING,4:53,CLEAR,F,F3,HIGH,3.0,1,0.57,31.7
1327,7,EVENING,4:51,CLEAR,F,F4,LOW,1.0,1,1.0,30.6
1328,7,EVENING,4:50,CLEAR,F,F4,HIGH,3.0,1,0.56,33.1
1329,7,EVENING,5:07,CLEAR,G,G1,LOW,4.0,4,0.55,29.7
1330,7,EVENING,5:04,CLEAR,G,G1,HIGH,2.0,4,0.55,32.8
1331,7,EVENING,4:58,CLEAR,G,G2,LOW,3.0,4,0.56,29.5
1332,7,EVENING,4:56,CLEAR,G,G2,HIGH,3.0,4,0.56,31.2
1333,7,EVENING,4:56,CLEAR,G,G3,LOW,4.0,4,0.49,30.8
1334,7,EVENING,4:56,CLEAR,G,G3,HIGH,4.0,4,0.58,33.7
1335,7,EVENING,5:11,CLEAR,G,G4,LOW,3.0,4,0.48,32.3
1336,7,EVENING,5:10,CLEAR,G,G4,HIGH,4.0,4,0.67,33.6
1337,7,EVENING,4:47,CLEAR,H,H1,LOW,3.0,4,0.5,32.7
1338,7,EVENING,4:54,CLEAR,H,H1,HIGH,2.0,4,0.59,31.9
1339,7,EVENING,5:01,CLEAR,H,H2,LOW,1.0,4,0.5,33.5
1340,7,EVENING,4:55,CLEAR,H,H2,HIGH,2.0,4,0.49,32.0
1341,7,EVENING,4:49,CLEAR,H,H3,LOW,3.0,4,0.55,31.7
1342,7,EVENING,4:50,CLEAR,H,H3,HIGH,1.0,4,0.51,31.0
1343,7,EVENING,4:56,CLEAR,H,H4,LOW,2.0,4,0.52,32.3
1344,7,EVENING,4:53,CLEAR,H,H4,HIGH,1.0,4,0.5,31.7
